ID,Label
1,10
2,79
3,38
4,48
5,34
6,76
7,64
8,85
9,29
10,48
11,23
12,39
13,27
14,27
15,89
16,82
17,38
18,72
19,77
20,88
21,95
22,10
23,12
24,8
25,46
26,47
27,81
28,11
29,10
30,58
31,80
32,76
33,2
34,83
35,48
36,67
37,69
38,30
39,85
40,85
41,33
42,26
43,65
44,41
45,47
46,8
47,74
48,84
49,27
50,18
51,32
52,91
53,39
54,19
55,34
56,32
57,51
58,9
59,44
60,93
61,64
62,88
63,86
64,39
65,97
66,8
67,10
68,12
69,47
70,11
71,67
72,86
73,15
74,11
75,26
76,38
77,5
78,62
79,19
80,18
81,78
82,46
83,25
84,13
85,90
86,94
87,96
88,53
89,55
90,19
91,42
92,76
93,15
94,63
95,22
96,100
97,15
98,49
99,51
100,85
101,53
102,79
103,33
104,60
105,44
106,34
107,82
108,49
109,11
110,46
111,43
112,36
113,53
114,2
115,83
116,86
117,94
118,98
119,53
120,93
121,22
122,23
123,91
124,13
125,13
126,85
127,59
128,92
129,100
130,86
131,4
132,17
133,63
134,76
135,75
136,74
137,85
138,38
139,75
140,34
141,62
142,84
143,96
144,11
145,30
146,53
147,10
148,27
149,22
150,26
151,79
152,23
153,76
154,84
155,6
156,44
157,1
158,97
159,59
160,52
161,70
162,43
163,64
164,3
165,75
166,24
167,39
168,57
169,67
170,1
171,12
172,76
173,95
174,77
175,5
176,47
177,11
178,5
179,46
180,23
181,19
182,75
183,24
184,18
185,69
186,80
187,59
188,99
189,88
190,26
191,80
192,48
193,39
194,34
195,76
196,79
197,70
198,18
199,35
200,90
201,59
202,64
203,10
204,20
205,43
206,22
207,67
208,76
209,8
210,18
211,37
212,89
213,90
214,90
215,61
216,18
217,31
218,79
219,46
220,89
221,86
222,52
223,61
224,83
225,23
226,66
227,89
228,67
229,80
230,54
231,63
232,86
233,41
234,9
235,23
236,52
237,75
238,85
239,70
240,45
241,81
242,92
243,66
244,33
245,58
246,47
247,85
248,97
249,82
250,23
251,88
252,42
253,69
254,37
255,85
256,29
257,9
258,76
259,67
260,35
261,97
262,15
263,97
264,40
265,38
266,49
267,28
268,8
269,90
270,72
271,1
272,75
273,38
274,25
275,12
276,96
277,4
278,81
279,89
280,100
281,28
282,51
283,95
284,62
285,61
286,97
287,51
288,58
289,26
290,48
291,96
292,43
293,33
294,5
295,39
296,37
297,5
298,6
299,92
300,67
301,14
302,78
303,60
304,33
305,2
306,57
307,80
308,21
309,58
310,98
311,93
312,4
313,73
314,55
315,65
316,19
317,26
318,47
319,38
320,80
321,39
322,91
323,59
324,17
325,8
326,2
327,96
328,51
329,9
330,44
331,92
332,88
333,54
334,1
335,71
336,1
337,12
338,48
339,86
340,57
341,32
342,71
343,47
344,90
345,4
346,38
347,28
348,61
349,4
350,64
351,71
352,28
353,6
354,89
355,88
356,43
357,80
358,87
359,93
360,70
361,42
362,46
363,22
364,49
365,71
366,82
367,21
368,45
369,64
370,75
371,80
372,85
373,76
374,92
375,73
376,80
377,9
378,51
379,2
380,4
381,21
382,24
383,90
384,70
385,64
386,35
387,8
388,42
389,10
390,86
391,39
392,29
393,99
394,10
395,5
396,92
397,47
398,53
399,51
400,54
401,60
402,73
403,42
404,79
405,92
406,59
407,66
408,45
409,33
410,42
411,45
412,88
413,68
414,38
415,71
416,71
417,52
418,57
419,8
420,61
421,47
422,25
423,51
424,74
425,49
426,52
427,55
428,67
429,71
430,95
431,34
432,65
433,25
434,22
435,25
436,61
437,35
438,76
439,56
440,95
441,27
442,90
443,63
444,81
445,84
446,17
447,97
448,92
449,51
450,29
451,65
452,85
453,65
454,16
455,50
456,61
457,81
458,54
459,77
460,57
461,24
462,84
463,6
464,53
465,26
466,67
467,12
468,87
469,26
470,53
471,72
472,56
473,92
474,49
475,29
476,80
477,42
478,47
479,32
480,22
481,85
482,20
483,43
484,82
485,13
486,83
487,13
488,68
489,28
490,68
491,67
492,13
493,64
494,31
495,28
496,95
497,80
498,8
499,62
500,39
501,25
502,8
503,53
504,53
505,35
506,20
507,33
508,21
509,76
510,100
511,75
512,69
513,18
514,64
515,27
516,29
517,29
518,77
519,88
520,89
521,76
522,47
523,15
524,80
525,87
526,8
527,80
528,97
529,100
530,63
531,73
532,44
533,34
534,90
535,43
536,89
537,65
538,93
539,58
540,11
541,50
542,1
543,22
544,75
545,57
546,53
547,11
548,97
549,8
550,70
551,54
552,64
553,3
554,34
555,99
556,67
557,7
558,6
559,77
560,56
561,53
562,97
563,53
564,39
565,91
566,3
567,28
568,42
569,64
570,18
571,46
572,93
573,82
574,72
575,28
576,34
577,90
578,62
579,21
580,37
581,5
582,44
583,43
584,88
585,24
586,62
587,27
588,29
589,83
590,84
591,33
592,35
593,90
594,27
595,73
596,89
597,51
598,17
599,82
600,80
601,44
602,8
603,65
604,40
605,91
606,86
607,17
608,22
609,70
610,46
611,27
612,38
613,61
614,39
615,33
616,99
617,25
618,1
619,42
620,6
621,21
622,82
623,28
624,74
625,28
626,23
627,10
628,22
629,95
630,39
631,32
632,67
633,13
634,25
635,16
636,72
637,84
638,75
639,17
640,67
641,9
642,35
643,50
644,79
645,80
646,72
647,70
648,2
649,71
650,91
651,38
652,42
653,47
654,20
655,53
656,75
657,38
658,95
659,35
660,34
661,85
662,48
663,32
664,89
665,61
666,25
667,5
668,32
669,46
670,88
671,39
672,7
673,29
674,42
675,53
676,91
677,68
678,98
679,55
680,25
681,78
682,26
683,70
684,82
685,45
686,85
687,63
688,67
689,10
690,98
691,45
692,86
693,50
694,43
695,17
696,18
697,23
698,37
699,87
700,28
701,28
702,65
703,24
704,87
705,43
706,43
707,7
708,62
709,80
710,80
711,13
712,67
713,80
714,87
715,56
716,99
717,83
718,40
719,1
720,19
721,10
722,72
723,64
724,74
725,22
726,62
727,2
728,32
729,36
730,80
731,66
732,90
733,75
734,19
735,82
736,70
737,38
738,28
739,52
740,24
741,65
742,7
743,50
744,70
745,50
746,21
747,2
748,85
749,40
750,62
751,14
752,48
753,13
754,44
755,92
756,90
757,70
758,88
759,92
760,79
761,27
762,79
763,12
764,52
765,79
766,61
767,98
768,62
769,69
770,79
771,4
772,64
773,48
774,6
775,24
776,16
777,45
778,89
779,1
780,37
781,49
782,53
783,45
784,33
785,38
786,85
787,44
788,19
789,77
790,15
791,72
792,47
793,67
794,77
795,29
796,68
797,9
798,25
799,11
800,70
801,9
802,89
803,37
804,70
805,51
806,98
807,9
808,27
809,66
810,89
811,100
812,84
813,5
814,80
815,29
816,7
817,22
818,33
819,28
820,8
821,68
822,91
823,12
824,84
825,5
826,7
827,16
828,79
829,62
830,96
831,87
832,88
833,60
834,52
835,10
836,25
837,31
838,1
839,33
840,53
841,34
842,24
843,21
844,81
845,6
846,24
847,94
848,84
849,92
850,96
851,100
852,31
853,9
854,34
855,91
856,88
857,91
858,44
859,63
860,64
861,80
862,81
863,100
864,6
865,53
866,100
867,89
868,39
869,69
870,47
871,13
872,21
873,42
874,79
875,85
876,41
877,36
878,63
879,53
880,75
881,44
882,96
883,62
884,10
885,75
886,18
887,13
888,28
889,99
890,83
891,46
892,60
893,16
894,59
895,55
896,47
897,13
898,42
899,43
900,37
901,87
902,10
903,49
904,57
905,88
906,7
907,47
908,21
909,2
910,88
911,15
912,90
913,72
914,23
915,96
916,47
917,97
918,34
919,48
920,89
921,64
922,13
923,55
924,44
925,49
926,2
927,45
928,15
929,75
930,46
931,92
932,34
933,49
934,42
935,76
936,30
937,93
938,43
939,57
940,75
941,78
942,5
943,2
944,50
945,59
946,69
947,40
948,89
949,23
950,12
951,8
952,66
953,90
954,22
955,76
956,34
957,2
958,91
959,89
960,24
961,4
962,27
963,6
964,95
965,6
966,49
967,12
968,69
969,46
970,44
971,92
972,44
973,39
974,20
975,8
976,19
977,8
978,12
979,57
980,71
981,78
982,90
983,62
984,9
985,60
986,61
987,50
988,1
989,64
990,62
991,66
992,96
993,27
994,75
995,61
996,38
997,93
998,36
999,30
1000,32
1001,93
1002,47
1003,70
1004,28
1005,6
1006,42
1007,43
1008,65
1009,79
1010,82
1011,64
1012,82
1013,5
1014,27
1015,10
1016,67
1017,57
1018,88
1019,35
1020,94
1021,61
1022,98
1023,42
1024,5
1025,51
1026,7
1027,96
1028,80
1029,34
1030,76
1031,78
1032,69
1033,97
1034,34
1035,28
1036,15
1037,82
1038,97
1039,52
1040,33
1041,71
1042,32
1043,90
1044,96
1045,89
1046,59
1047,84
1048,59
1049,54
1050,35
1051,3
1052,71
1053,22
1054,96
1055,11
1056,47
1057,28
1058,40
1059,95
1060,59
1061,31
1062,42
1063,39
1064,42
1065,52
1066,20
1067,14
1068,43
1069,98
1070,42
1071,82
1072,63
1073,28
1074,75
1075,38
1076,63
1077,92
1078,39
1079,77
1080,85
1081,28
1082,32
1083,23
1084,89
1085,22
1086,40
1087,68
1088,46
1089,80
1090,16
1091,31
1092,75
1093,87
1094,5
1095,39
1096,43
1097,46
1098,90
1099,81
1100,18
1101,95
1102,46
1103,80
1104,10
1105,66
1106,3
1107,38
1108,15
1109,11
1110,49
1111,98
1112,34
1113,46
1114,61
1115,44
1116,30
1117,32
1118,53
1119,43
1120,13
1121,84
1122,50
1123,78
1124,62
1125,81
1126,10
1127,90
1128,87
1129,82
1130,19
1131,65
1132,14
1133,97
1134,16
1135,29
1136,64
1137,98
1138,71
1139,72
1140,65
1141,80
1142,73
1143,8
1144,21
1145,31
1146,18
1147,86
1148,94
1149,90
1150,28
1151,27
1152,89
1153,13
1154,28
1155,97
1156,29
1157,69
1158,72
1159,12
1160,93
1161,49
1162,65
1163,88
1164,64
1165,67
1166,27
1167,80
1168,65
1169,80
1170,82
1171,6
1172,90
1173,59
1174,96
1175,88
1176,86
1177,50
1178,39
1179,7
1180,97
1181,17
1182,28
1183,82
1184,53
1185,84
1186,17
1187,49
1188,82
1189,49
1190,41
1191,44
1192,52
1193,75
1194,38
1195,61
1196,14
1197,25
1198,39
1199,99
1200,82
1201,90
1202,42
1203,2
1204,92
1205,76
1206,84
1207,30
1208,35
1209,16
1210,65
1211,17
1212,84
1213,27
1214,80
1215,74
1216,53
1217,43
1218,88
1219,93
1220,75
1221,9
1222,58
1223,7
1224,45
1225,49
1226,76
1227,61
1228,87
1229,62
1230,32
1231,57
1232,58
1233,35
1234,69
1235,86
1236,33
1237,42
1238,4
1239,33
1240,90
1241,57
1242,64
1243,98
1244,61
1245,40
1246,12
1247,38
1248,62
1249,66
1250,22
1251,43
1252,52
1253,65
1254,46
1255,70
1256,31
1257,65
1258,79
1259,21
1260,53
1261,3
1262,53
1263,23
1264,19
1265,34
1266,49
1267,5
1268,58
1269,68
1270,46
1271,60
1272,7
1273,57
1274,40
1275,28
1276,26
1277,66
1278,67
1279,6
1280,72
1281,19
1282,42
1283,89
1284,53
1285,77
1286,77
1287,44
1288,90
1289,32
1290,90
1291,78
1292,52
1293,89
1294,45
1295,3
1296,19
1297,70
1298,94
1299,33
1300,43
1301,65
1302,32
1303,49
1304,69
1305,25
1306,86
1307,89
1308,100
1309,47
1310,57
1311,53
1312,44
1313,10
1314,47
1315,65
1316,40
1317,63
1318,76
1319,82
1320,90
1321,42
1322,47
1323,63
1324,43
1325,6
1326,67
1327,95
1328,34
1329,38
1330,52
1331,26
1332,47
1333,8
1334,84
1335,89
1336,18
1337,27
1338,88
1339,44
1340,48
1341,92
1342,93
1343,84
1344,20
1345,90
1346,28
1347,82
1348,22
1349,47
1350,90
1351,52
1352,42
1353,91
1354,57
1355,57
1356,79
1357,79
1358,12
1359,95
1360,94
1361,33
1362,77
1363,55
1364,51
1365,14
1366,58
1367,49
1368,50
1369,84
1370,97
1371,53
1372,20
1373,8
1374,12
1375,50
1376,95
1377,63
1378,63
1379,14
1380,93
1381,56
1382,2
1383,47
1384,42
1385,24
1386,92
1387,72
1388,13
1389,30
1390,79
1391,92
1392,77
1393,40
1394,37
1395,57
1396,14
1397,45
1398,68
1399,98
1400,100
1401,61
1402,63
1403,53
1404,87
1405,92
1406,83
1407,43
1408,64
1409,49
1410,19
1411,38
1412,17
1413,80
1414,18
1415,10
1416,48
1417,70
1418,89
1419,45
1420,92
1421,44
1422,44
1423,92
1424,29
1425,45
1426,72
1427,54
1428,46
1429,91
1430,91
1431,27
1432,50
1433,89
1434,6
1435,33
1436,68
1437,1
1438,37
1439,52
1440,49
1441,27
1442,40
1443,21
1444,85
1445,91
1446,2
1447,3
1448,29
1449,46
1450,81
1451,7
1452,77
1453,89
1454,24
1455,86
1456,90
1457,82
1458,52
1459,15
1460,82
1461,67
1462,22
1463,67
1464,74
1465,70
1466,34
1467,63
1468,19
1469,55
1470,19
1471,16
1472,69
1473,15
1474,94
1475,71
1476,9
1477,37
1478,2
1479,61
1480,61
1481,45
1482,21
1483,23
1484,10
1485,85
1486,43
1487,68
1488,25
1489,77
1490,38
1491,81
1492,57
1493,100
1494,25
1495,82
1496,90
1497,53
1498,73
1499,71
1500,1
1501,28
1502,80
1503,85
1504,28
1505,23
1506,3
1507,8
1508,79
1509,30
1510,77
1511,93
1512,79
1513,77
1514,83
1515,88
1516,16
1517,58
1518,5
1519,65
1520,98
1521,36
1522,79
1523,49
1524,90
1525,63
1526,97
1527,80
1528,100
1529,28
1530,45
1531,50
1532,92
1533,87
1534,55
1535,30
1536,7
1537,67
1538,61
1539,89
1540,42
1541,35
1542,18
1543,27
1544,55
1545,34
1546,8
1547,34
1548,38
1549,11
1550,75
1551,74
1552,80
1553,29
1554,19
1555,89
1556,90
1557,42
1558,48
1559,9
1560,98
1561,6
1562,11
1563,1
1564,72
1565,26
1566,44
1567,6
1568,96
1569,34
1570,30
1571,89
1572,72
1573,25
1574,34
1575,66
1576,82
1577,58
1578,58
1579,67
1580,68
1581,52
1582,58
1583,58
1584,70
1585,31
1586,45
1587,87
1588,39
1589,75
1590,37
1591,27
1592,63
1593,34
1594,49
1595,1
1596,35
1597,8
1598,75
1599,40
1600,90
1601,73
1602,27
1603,99
1604,6
1605,3
1606,51
1607,58
1608,95
1609,62
1610,25
1611,28
1612,94
1613,100
1614,75
1615,87
1616,73
1617,95
1618,25
1619,85
1620,89
1621,38
1622,29
1623,27
1624,65
1625,59
1626,67
1627,7
1628,38
1629,21
1630,27
1631,85
1632,53
1633,3
1634,99
1635,39
1636,80
1637,42
1638,46
1639,79
1640,77
1641,85
1642,64
1643,87
1644,62
1645,69
1646,15
1647,25
1648,46
1649,46
1650,92
1651,85
1652,22
1653,91
1654,94
1655,38
1656,52
1657,60
1658,40
1659,83
1660,19
1661,59
1662,23
1663,34
1664,13
1665,87
1666,44
1667,13
1668,98
1669,3
1670,95
1671,89
1672,21
1673,82
1674,79
1675,89
1676,60
1677,48
1678,68
1679,37
1680,68
1681,35
1682,8
1683,80
1684,58
1685,45
1686,80
1687,27
1688,53
1689,93
1690,17
1691,49
1692,50
1693,62
1694,91
1695,52
1696,38
1697,64
1698,85
1699,69
1700,59
1701,97
1702,87
1703,81
1704,12
1705,68
1706,64
1707,25
1708,77
1709,93
1710,59
1711,62
1712,14
1713,28
1714,8
1715,50
1716,79
1717,70
1718,12
1719,44
1720,69
1721,10
1722,1
1723,96
1724,46
1725,50
1726,78
1727,42
1728,15
1729,20
1730,78
1731,51
1732,67
1733,38
1734,45
1735,99
1736,67
1737,14
1738,7
1739,23
1740,91
1741,44
1742,49
1743,19
1744,17
1745,13
1746,73
1747,36
1748,95
1749,25
1750,66
1751,26
1752,86
1753,65
1754,55
1755,88
1756,71
1757,20
1758,99
1759,85
1760,15
1761,40
1762,29
1763,25
1764,80
1765,91
1766,95
1767,69
1768,70
1769,28
1770,95
1771,65
1772,46
1773,63
1774,48
1775,50
1776,82
1777,78
1778,76
1779,70
1780,33
1781,61
1782,29
1783,98
1784,87
1785,91
1786,13
1787,16
1788,25
1789,72
1790,86
1791,38
1792,83
1793,60
1794,55
1795,16
1796,67
1797,15
1798,75
1799,38
1800,34
1801,59
1802,33
1803,82
1804,46
1805,49
1806,16
1807,13
1808,27
1809,4
1810,57
1811,14
1812,26
1813,17
1814,81
1815,81
1816,57
1817,65
1818,36
1819,87
1820,66
1821,18
1822,18
1823,21
1824,61
1825,46
1826,14
1827,70
1828,29
1829,31
1830,8
1831,79
1832,42
1833,85
1834,77
1835,57
1836,7
1837,29
1838,20
1839,19
1840,30
1841,85
1842,49
1843,27
1844,24
1845,35
1846,21
1847,26
1848,46
1849,86
1850,41
1851,35
1852,64
1853,82
1854,43
1855,11
1856,13
1857,21
1858,2
1859,28
1860,80
1861,50
1862,65
1863,35
1864,42
1865,9
1866,47
1867,22
1868,40
1869,54
1870,42
1871,73
1872,53
1873,28
1874,92
1875,78
1876,28
1877,38
1878,64
1879,87
1880,75
1881,87
1882,18
1883,7
1884,14
1885,45
1886,45
1887,79
1888,5
1889,47
1890,78
1891,43
1892,97
1893,41
1894,15
1895,90
1896,82
1897,31
1898,53
1899,67
1900,53
1901,45
1902,7
1903,34
1904,4
1905,39
1906,78
1907,6
1908,1
1909,91
1910,27
1911,80
1912,26
1913,18
1914,22
1915,53
1916,27
1917,60
1918,95
1919,86
1920,90
1921,13
1922,49
1923,73
1924,5
1925,64
1926,4
1927,30
1928,87
1929,8
1930,18
1931,24
1932,77
1933,28
1934,44
1935,62
1936,28
1937,24
1938,40
1939,89
1940,61
1941,25
1942,79
1943,44
1944,63
1945,80
1946,60
1947,66
1948,65
1949,96
1950,29
1951,100
1952,38
1953,72
1954,15
1955,53
1956,19
1957,33
1958,45
1959,50
1960,85
1961,78
1962,74
1963,80
1964,20
1965,36
1966,70
1967,66
1968,55
1969,24
1970,82
1971,31
1972,96
1973,38
1974,59
1975,8
1976,87
1977,44
1978,100
1979,49
1980,36
1981,25
1982,13
1983,42
1984,17
1985,70
1986,3
1987,98
1988,5
1989,59
1990,46
1991,30
1992,1
1993,8
1994,85
1995,45
1996,70
1997,80
1998,23
1999,6
2000,70
2001,63
2002,28
2003,72
2004,95
2005,27
2006,100
2007,8
2008,93
2009,55
2010,19
2011,90
2012,79
2013,39
2014,46
2015,91
2016,5
2017,28
2018,67
2019,15
2020,68
2021,43
2022,39
2023,3
2024,71
2025,2
2026,60
2027,11
2028,76
2029,88
2030,17
2031,35
2032,35
2033,97
2034,69
2035,53
2036,24
2037,24
2038,67
2039,15
2040,76
2041,21
2042,42
2043,75
2044,85
2045,67
2046,51
2047,46
2048,95
2049,13
2050,39
2051,82
2052,9
2053,69
2054,74
2055,48
2056,72
2057,65
2058,4
2059,30
2060,50
2061,35
2062,2
2063,67
2064,82
2065,64
2066,79
2067,23
2068,40
2069,74
2070,39
2071,1
2072,61
2073,84
2074,65
2075,19
2076,29
2077,28
2078,99
2079,5
2080,43
2081,28
2082,50
2083,71
2084,97
2085,13
2086,20
2087,31
2088,29
2089,22
2090,70
2091,88
2092,20
2093,17
2094,31
2095,50
2096,72
2097,31
2098,38
2099,82
2100,19
2101,67
2102,5
2103,38
2104,29
2105,98
2106,42
2107,47
2108,7
2109,68
2110,32
2111,88
2112,53
2113,48
2114,76
2115,30
2116,52
2117,4
2118,76
2119,80
2120,64
2121,69
2122,9
2123,34
2124,86
2125,27
2126,7
2127,60
2128,79
2129,29
2130,66
2131,25
2132,1
2133,30
2134,59
2135,69
2136,89
2137,43
2138,20
2139,61
2140,44
2141,42
2142,39
2143,62
2144,16
2145,93
2146,85
2147,55
2148,10
2149,8
2150,14
2151,62
2152,97
2153,50
2154,37
2155,89
2156,82
2157,14
2158,11
2159,8
2160,58
2161,58
2162,63
2163,64
2164,71
2165,55
2166,43
2167,83
2168,55
2169,8
2170,69
2171,33
2172,73
2173,29
2174,9
2175,8
2176,79
2177,31
2178,80
2179,7
2180,43
2181,77
2182,54
2183,24
2184,42
2185,67
2186,80
2187,63
2188,94
2189,84
2190,11
2191,80
2192,7
2193,53
2194,25
2195,40
2196,85
2197,49
2198,32
2199,77
2200,5
2201,65
2202,75
2203,70
2204,98
2205,27
2206,51
2207,68
2208,20
2209,84
2210,38
2211,7
2212,48
2213,30
2214,79
2215,18
2216,88
2217,18
2218,26
2219,2
2220,8
2221,89
2222,21
2223,22
2224,30
2225,24
2226,51
2227,80
2228,80
2229,7
2230,79
2231,10
2232,93
2233,38
2234,82
2235,69
2236,76
2237,64
2238,28
2239,65
2240,46
2241,62
2242,42
2243,48
2244,18
2245,29
2246,68
2247,84
2248,32
2249,47
2250,7
2251,51
2252,10
2253,23
2254,22
2255,8
2256,39
2257,87
2258,68
2259,53
2260,64
2261,58
2262,35
2263,14
2264,39
2265,23
2266,33
2267,10
2268,47
2269,80
2270,31
2271,17
2272,22
2273,1
2274,9
2275,74
2276,75
2277,61
2278,68
2279,92
2280,58
2281,29
2282,27
2283,31
2284,37
2285,17
2286,51
2287,65
2288,34
2289,76
2290,79
2291,94
2292,23
2293,86
2294,84
2295,26
2296,98
2297,21
2298,93
2299,60
2300,52
2301,95
2302,62
2303,23
2304,7
2305,82
2306,11
2307,27
2308,72
2309,46
2310,98
2311,50
2312,65
2313,53
2314,27
2315,37
2316,8
2317,69
2318,29
2319,6
2320,83
2321,29
2322,8
2323,82
2324,6
2325,57
2326,9
2327,60
2328,60
2329,74
2330,79
2331,80
2332,32
2333,27
2334,67
2335,53
2336,17
2337,38
2338,1
2339,80
2340,36
2341,92
2342,75
2343,26
2344,90
2345,62
2346,44
2347,84
2348,15
2349,26
2350,58
2351,62
2352,75
2353,100
2354,25
2355,86
2356,14
2357,30
2358,46
2359,56
2360,32
2361,31
2362,88
2363,50
2364,19
2365,92
2366,91
2367,75
2368,5
2369,1
2370,95
2371,17
2372,78
2373,45
2374,89
2375,20
2376,11
2377,75
2378,43
2379,8
2380,25
2381,11
2382,72
2383,45
2384,39
2385,10
2386,5
2387,42
2388,15
2389,65
2390,48
2391,48
2392,7
2393,85
2394,7
2395,35
2396,82
2397,6
2398,81
2399,98
2400,75
2401,35
2402,27
2403,70
2404,72
2405,17
2406,76
2407,4
2408,51
2409,68
2410,63
2411,50
2412,75
2413,30
2414,25
2415,7
2416,19
2417,12
2418,72
2419,15
2420,79
2421,34
2422,32
2423,54
2424,86
2425,43
2426,98
2427,79
2428,25
2429,83
2430,39
2431,89
2432,63
2433,13
2434,70
2435,46
2436,64
2437,18
2438,97
2439,22
2440,90
2441,97
2442,21
2443,1
2444,73
2445,84
2446,49
2447,84
2448,43
2449,33
2450,91
2451,45
2452,29
2453,61
2454,52
2455,99
2456,86
2457,45
2458,9
2459,37
2460,79
2461,23
2462,43
2463,53
2464,6
2465,50
2466,80
2467,10
2468,54
2469,82
2470,85
2471,85
2472,69
2473,65
2474,89
2475,28
2476,33
2477,50
2478,50
2479,51
2480,17
2481,59
2482,71
2483,56
2484,11
2485,71
2486,12
2487,47
2488,36
2489,27
2490,79
2491,18
2492,8
2493,2
2494,49
2495,26
2496,74
2497,11
2498,81
2499,43
2500,24
2501,5
2502,62
2503,49
2504,80
2505,80
2506,41
2507,84
2508,68
2509,33
2510,59
2511,59
2512,45
2513,22
2514,47
2515,49
2516,19
2517,53
2518,7
2519,40
2520,7
2521,90
2522,24
2523,24
2524,10
2525,79
2526,98
2527,2
2528,48
2529,25
2530,49
2531,40
2532,71
2533,49
2534,71
2535,97
2536,62
2537,31
2538,45
2539,44
2540,25
2541,47
2542,99
2543,39
2544,35
2545,22
2546,38
2547,14
2548,65
2549,76
2550,69
2551,34
2552,50
2553,75
2554,39
2555,84
2556,78
2557,60
2558,71
2559,85
2560,29
2561,66
2562,27
2563,80
2564,93
2565,29
2566,64
2567,58
2568,80
2569,96
2570,17
2571,72
2572,92
2573,9
2574,96
2575,62
2576,3
2577,86
2578,36
2579,61
2580,24
2581,58
2582,11
2583,28
2584,70
2585,65
2586,26
2587,13
2588,96
2589,65
2590,10
2591,96
2592,55
2593,54
2594,84
2595,83
2596,77
2597,86
2598,87
2599,7
2600,55
2601,97
2602,46
2603,49
2604,1
2605,65
2606,12
2607,54
2608,74
2609,82
2610,46
2611,22
2612,89
2613,38
2614,63
2615,1
2616,79
2617,82
2618,70
2619,59
2620,6
2621,98
2622,43
2623,67
2624,83
2625,36
2626,73
2627,15
2628,76
2629,91
2630,67
2631,98
2632,55
2633,68
2634,25
2635,53
2636,23
2637,63
2638,76
2639,68
2640,38
2641,2
2642,51
2643,80
2644,76
2645,20
2646,23
2647,21
2648,46
2649,33
2650,5
2651,79
2652,47
2653,47
2654,72
2655,57
2656,15
2657,36
2658,9
2659,20
2660,15
2661,39
2662,44
2663,19
2664,49
2665,40
2666,53
2667,39
2668,20
2669,91
2670,82
2671,57
2672,5
2673,87
2674,77
2675,26
2676,51
2677,71
2678,26
2679,19
2680,78
2681,99
2682,16
2683,100
2684,59
2685,20
2686,69
2687,51
2688,2
2689,41
2690,67
2691,33
2692,7
2693,80
2694,91
2695,46
2696,75
2697,82
2698,61
2699,99
2700,70
2701,40
2702,54
2703,28
2704,71
2705,57
2706,79
2707,16
2708,52
2709,67
2710,68
2711,91
2712,91
2713,38
2714,10
2715,84
2716,68
2717,97
2718,32
2719,19
2720,53
2721,7
2722,90
2723,48
2724,27
2725,69
2726,34
2727,49
2728,88
2729,95
2730,97
2731,10
2732,62
2733,68
2734,43
2735,34
2736,9
2737,75
2738,85
2739,18
2740,49
2741,18
2742,91
2743,33
2744,26
2745,6
2746,8
2747,42
2748,43
2749,38
2750,86
2751,7
2752,84
2753,8
2754,90
2755,66
2756,55
2757,94
2758,49
2759,21
2760,54
2761,55
2762,11
2763,30
2764,84
2765,48
2766,2
2767,31
2768,87
2769,73
2770,69
2771,49
2772,52
2773,28
2774,14
2775,98
2776,86
2777,97
2778,79
2779,62
2780,63
2781,35
2782,34
2783,55
2784,42
2785,49
2786,55
2787,45
2788,25
2789,9
2790,9
2791,81
2792,47
2793,9
2794,28
2795,24
2796,78
2797,57
2798,2
2799,64
2800,26
2801,31
2802,57
2803,63
2804,25
2805,35
2806,63
2807,79
2808,28
2809,7
2810,61
2811,52
2812,40
2813,18
2814,86
2815,1
2816,69
2817,25
2818,36
2819,100
2820,100
2821,80
2822,60
2823,96
2824,88
2825,72
2826,76
2827,50
2828,25
2829,78
2830,98
2831,92
2832,40
2833,89
2834,68
2835,30
2836,88
2837,81
2838,70
2839,50
2840,81
2841,75
2842,69
2843,63
2844,34
2845,56
2846,32
2847,84
2848,27
2849,45
2850,47
2851,87
2852,10
2853,51
2854,50
2855,25
2856,66
2857,75
2858,94
2859,23
2860,87
2861,67
2862,67
2863,87
2864,43
2865,94
2866,8
2867,14
2868,10
2869,6
2870,52
2871,33
2872,52
2873,88
2874,22
2875,37
2876,17
2877,100
2878,63
2879,23
2880,79
2881,38
2882,78
2883,65
2884,83
2885,94
2886,78
2887,79
2888,86
2889,34
2890,28
2891,7
2892,28
2893,32
2894,29
2895,35
2896,17
2897,100
2898,5
2899,61
2900,54
2901,54
2902,66
2903,91
2904,16
2905,41
2906,49
2907,13
2908,98
2909,63
2910,53
2911,34
2912,51
2913,21
2914,54
2915,14
2916,89
2917,31
2918,94
2919,19
2920,68
2921,90
2922,15
2923,90
2924,23
2925,99
2926,48
2927,34
2928,47
2929,89
2930,31
2931,36
2932,86
2933,46
2934,64
2935,90
2936,27
2937,9
2938,80
2939,50
2940,80
2941,46
2942,97
2943,70
2944,98
2945,51
2946,95
2947,26
2948,74
2949,70
2950,92
2951,3
2952,100
2953,88
2954,11
2955,69
2956,35
2957,77
2958,37
2959,19
2960,65
2961,21
2962,45
2963,68
2964,80
2965,75
2966,40
2967,83
2968,100
2969,92
2970,23
2971,28
2972,59
2973,98
2974,22
2975,74
2976,59
2977,32
2978,100
2979,3
2980,95
2981,34
2982,79
2983,6
2984,86
2985,13
2986,93
2987,38
2988,72
2989,77
2990,53
2991,47
2992,100
2993,11
2994,85
2995,27
2996,43
2997,25
2998,22
2999,78
3000,60
3001,75
3002,83
3003,49
3004,14
3005,50
3006,89
3007,35
3008,21
3009,98
3010,8
3011,71
3012,54
3013,81
3014,97
3015,75
3016,97
3017,66
3018,70
3019,7
3020,23
3021,79
3022,8
3023,52
3024,22
3025,6
3026,35
3027,94
3028,63
3029,44
3030,62
3031,10
3032,39
3033,39
3034,60
3035,36
3036,58
3037,10
3038,30
3039,43
3040,43
3041,64
3042,2
3043,89
3044,82
3045,85
3046,70
3047,92
3048,45
3049,90
3050,24
3051,98
3052,2
3053,9
3054,11
3055,69
3056,51
3057,10
3058,86
3059,5
3060,69
3061,27
3062,39
3063,59
3064,22
3065,5
3066,15
3067,45
3068,8
3069,71
3070,95
3071,76
3072,53
3073,58
3074,76
3075,19
3076,66
3077,10
3078,33
3079,89
3080,90
3081,69
3082,70
3083,99
3084,9
3085,74
3086,25
3087,12
3088,16
3089,5
3090,18
3091,86
3092,99
3093,55
3094,98
3095,100
3096,17
3097,34
3098,3
3099,67
3100,68
3101,53
3102,2
3103,94
3104,87
3105,80
3106,95
3107,75
3108,71
3109,3
3110,79
3111,50
3112,71
3113,99
3114,28
3115,82
3116,62
3117,59
3118,39
3119,62
3120,22
3121,12
3122,72
3123,26
3124,67
3125,34
3126,94
3127,79
3128,80
3129,90
3130,76
3131,37
3132,95
3133,28
3134,9
3135,12
3136,57
3137,61
3138,36
3139,93
3140,37
3141,43
3142,62
3143,72
3144,7
3145,95
3146,11
3147,50
3148,52
3149,67
3150,19
3151,25
3152,28
3153,80
3154,63
3155,71
3156,86
3157,98
3158,66
3159,92
3160,12
3161,31
3162,27
3163,5
3164,52
3165,48
3166,83
3167,45
3168,50
3169,50
3170,7
3171,15
3172,63
3173,54
3174,30
3175,65
3176,32
3177,55
3178,49
3179,31
3180,73
3181,82
3182,7
3183,69
3184,29
3185,45
3186,39
3187,4
3188,71
3189,18
3190,49
3191,16
3192,29
3193,8
3194,87
3195,34
3196,90
3197,77
3198,6
3199,9
3200,89
3201,17
3202,83
3203,67
3204,47
3205,38
3206,64
3207,100
3208,76
3209,67
3210,22
3211,90
3212,88
3213,49
3214,22
3215,79
3216,71
3217,5
3218,60
3219,89
3220,23
3221,31
3222,78
3223,4
3224,62
3225,5
3226,22
3227,23
3228,54
3229,97
3230,47
3231,25
3232,39
3233,1
3234,53
3235,21
3236,82
3237,32
3238,68
3239,17
3240,44
3241,95
3242,62
3243,52
3244,30
3245,33
3246,94
3247,10
3248,19
3249,40
3250,9
3251,28
3252,48
3253,8
3254,87
3255,13
3256,47
3257,10
3258,46
3259,71
3260,25
3261,93
3262,38
3263,5
3264,68
3265,32
3266,18
3267,35
3268,30
3269,92
3270,46
3271,51
3272,90
3273,2
3274,45
3275,44
3276,34
3277,93
3278,76
3279,67
3280,74
3281,79
3282,87
3283,80
3284,37
3285,19
3286,5
3287,91
3288,35
3289,42
3290,72
3291,59
3292,15
3293,2
3294,36
3295,35
3296,67
3297,96
3298,9
3299,87
3300,61
3301,28
3302,51
3303,29
3304,27
3305,22
3306,66
3307,70
3308,69
3309,65
3310,67
3311,51
3312,69
3313,7
3314,76
3315,10
3316,10
3317,90
3318,17
3319,51
3320,32
3321,62
3322,26
3323,38
3324,68
3325,10
3326,9
3327,20
3328,97
3329,81
3330,9
3331,20
3332,89
3333,53
3334,25
3335,83
3336,24
3337,89
3338,92
3339,79
3340,22
3341,85
3342,21
3343,95
3344,6
3345,95
3346,64
3347,17
3348,21
3349,28
3350,70
3351,80
3352,47
3353,21
3354,29
3355,47
3356,1
3357,91
3358,6
3359,79
3360,83
3361,100
3362,41
3363,16
3364,17
3365,3
3366,97
3367,86
3368,25
3369,75
3370,46
3371,13
3372,56
3373,79
3374,78
3375,85
3376,45
3377,85
3378,96
3379,49
3380,16
3381,93
3382,89
3383,49
3384,2
3385,33
3386,3
3387,80
3388,15
3389,77
3390,61
3391,48
3392,87
3393,65
3394,18
3395,88
3396,29
3397,57
3398,18
3399,13
3400,85
3401,25
3402,8
3403,32
3404,58
3405,52
3406,94
3407,76
3408,68
3409,43
3410,78
3411,52
3412,57
3413,33
3414,20
3415,75
3416,90
3417,42
3418,27
3419,81
3420,70
3421,18
3422,65
3423,11
3424,49
3425,70
3426,70
3427,18
3428,60
3429,36
3430,38
3431,25
3432,11
3433,48
3434,75
3435,34
3436,38
3437,83
3438,51
3439,23
3440,42
3441,60
3442,34
3443,91
3444,3
3445,53
3446,15
3447,12
3448,27
3449,33
3450,96
3451,28
3452,41
3453,33
3454,79
3455,18
3456,79
3457,84
3458,67
3459,77
3460,69
3461,52
3462,75
3463,2
3464,7
3465,52
3466,91
3467,17
3468,24
3469,9
3470,21
3471,44
3472,11
3473,1
3474,95
3475,18
3476,90
3477,7
3478,24
3479,79
3480,25
3481,92
3482,32
3483,16
3484,74
3485,81
3486,90
3487,61
3488,60
3489,44
3490,97
3491,60
3492,39
3493,18
3494,90
3495,5
3496,67
3497,97
3498,22
3499,43
3500,31
3501,31
3502,32
3503,82
3504,37
3505,50
3506,55
3507,36
3508,38
3509,98
3510,28
3511,5
3512,18
3513,27
3514,28
3515,27
3516,89
3517,70
3518,38
3519,17
3520,42
3521,15
3522,29
3523,11
3524,27
3525,78
3526,74
3527,75
3528,16
3529,100
3530,76
3531,91
3532,82
3533,43
3534,23
3535,90
3536,19
3537,27
3538,55
3539,24
3540,67
3541,43
3542,84
3543,59
3544,98
3545,31
3546,96
3547,7
3548,17
3549,30
3550,23
3551,42
3552,11
3553,59
3554,17
3555,98
3556,5
3557,38
3558,8
3559,67
3560,19
3561,18
3562,50
3563,7
3564,79
3565,33
3566,2
3567,80
3568,57
3569,28
3570,37
3571,15
3572,25
3573,27
3574,82
3575,45
3576,88
3577,24
3578,82
3579,50
3580,3
3581,21
3582,64
3583,70
3584,63
3585,95
3586,77
3587,83
3588,38
3589,28
3590,7
3591,7
3592,60
3593,59
3594,82
3595,69
3596,50
3597,11
3598,13
3599,20
3600,38
3601,76
3602,21
3603,27
3604,87
3605,59
3606,92
3607,63
3608,83
3609,52
3610,79
3611,79
3612,99
3613,5
3614,25
3615,84
3616,38
3617,1
3618,76
3619,48
3620,5
3621,67
3622,28
3623,67
3624,89
3625,61
3626,84
3627,72
3628,86
3629,98
3630,85
3631,9
3632,31
3633,8
3634,65
3635,9
3636,98
3637,21
3638,7
3639,15
3640,74
3641,77
3642,36
3643,64
3644,35
3645,23
3646,35
3647,54
3648,53
3649,75
3650,50
3651,4
3652,67
3653,8
3654,17
3655,37
3656,81
3657,61
3658,1
3659,26
3660,100
3661,25
3662,40
3663,62
3664,44
3665,42
3666,6
3667,82
3668,39
3669,48
3670,39
3671,70
3672,84
3673,17
3674,75
3675,31
3676,15
3677,82
3678,22
3679,87
3680,58
3681,15
3682,37
3683,80
3684,43
3685,1
3686,83
3687,10
3688,65
3689,36
3690,88
3691,77
3692,61
3693,82
3694,5
3695,17
3696,75
3697,27
3698,17
3699,42
3700,9
3701,47
3702,23
3703,51
3704,29
3705,86
3706,43
3707,53
3708,60
3709,46
3710,90
3711,43
3712,14
3713,7
3714,62
3715,34
3716,13
3717,97
3718,88
3719,2
3720,28
3721,25
3722,46
3723,49
3724,80
3725,23
3726,29
3727,63
3728,44
3729,5
3730,42
3731,32
3732,17
3733,11
3734,42
3735,9
3736,90
3737,61
3738,78
3739,65
3740,37
3741,95
3742,75
3743,25
3744,48
3745,34
3746,62
3747,44
3748,39
3749,44
3750,5
3751,62
3752,44
3753,55
3754,7
3755,40
3756,21
3757,42
3758,1
3759,65
3760,47
3761,93
3762,98
3763,97
3764,30
3765,9
3766,23
3767,50
3768,48
3769,82
3770,38
3771,77
3772,50
3773,49
3774,62
3775,83
3776,71
3777,86
3778,7
3779,28
3780,75
3781,26
3782,58
3783,8
3784,62
3785,76
3786,96
3787,90
3788,50
3789,23
3790,79
3791,91
3792,14
3793,26
3794,48
3795,62
3796,19
3797,77
3798,47
3799,7
3800,53
3801,53
3802,96
3803,78
3804,70
3805,36
3806,5
3807,91
3808,88
3809,63
3810,18
3811,23
3812,12
3813,39
3814,96
3815,77
3816,66
3817,48
3818,77
3819,49
3820,14
3821,45
3822,65
3823,39
3824,57
3825,83
3826,11
3827,51
3828,87
3829,74
3830,70
3831,85
3832,7
3833,95
3834,88
3835,75
3836,61
3837,84
3838,90
3839,34
3840,56
3841,62
3842,82
3843,25
3844,68
3845,29
3846,72
3847,8
3848,80
3849,2
3850,8
3851,42
3852,12
3853,27
3854,37
3855,88
3856,100
3857,13
3858,42
3859,93
3860,41
3861,88
3862,37
3863,91
3864,67
3865,30
3866,64
3867,71
3868,59
3869,71
3870,59
3871,62
3872,23
3873,89
3874,41
3875,21
3876,36
3877,40
3878,2
3879,32
3880,69
3881,13
3882,59
3883,34
3884,8
3885,38
3886,84
3887,18
3888,13
3889,44
3890,55
3891,78
3892,67
3893,18
3894,8
3895,43
3896,26
3897,8
3898,65
3899,29
3900,42
3901,21
3902,59
3903,71
3904,86
3905,65
3906,71
3907,67
3908,42
3909,1
3910,33
3911,82
3912,63
3913,55
3914,69
3915,8
3916,25
3917,70
3918,24
3919,84
3920,80
3921,33
3922,25
3923,93
3924,100
3925,9
3926,15
3927,40
3928,4
3929,57
3930,94
3931,70
3932,17
3933,75
3934,78
3935,83
3936,46
3937,49
3938,67
3939,98
3940,43
3941,98
3942,57
3943,7
3944,42
3945,9
3946,97
3947,3
3948,82
3949,15
3950,24
3951,29
3952,77
3953,6
3954,28
3955,52
3956,74
3957,93
3958,87
3959,15
3960,24
3961,40
3962,9
3963,8
3964,24
3965,83
3966,88
3967,63
3968,95
3969,42
3970,55
3971,89
3972,38
3973,57
3974,98
3975,21
3976,98
3977,62
3978,20
3979,77
3980,18
3981,33
3982,75
3983,46
3984,61
3985,29
3986,43
3987,14
3988,43
3989,20
3990,35
3991,67
3992,27
3993,11
3994,86
3995,69
3996,46
3997,80
3998,81
3999,82
4000,62
4001,70
4002,22
4003,63
4004,94
4005,95
4006,55
4007,43
4008,20
4009,25
4010,34
4011,47
4012,52
4013,4
4014,8
4015,93
4016,89
4017,42
4018,15
4019,53
4020,87
4021,73
4022,28
4023,84
4024,78
4025,74
4026,47
4027,28
4028,22
4029,89
4030,22
4031,49
4032,43
4033,90
4034,13
4035,29
4036,79
4037,90
4038,93
4039,47
4040,6
4041,7
4042,42
4043,9
4044,81
4045,8
4046,93
4047,95
4048,49
4049,72
4050,30
4051,1
4052,12
4053,38
4054,83
4055,96
4056,17
4057,59
4058,12
4059,44
4060,21
4061,95
4062,25
4063,90
4064,21
4065,43
4066,84
4067,70
4068,7
4069,9
4070,80
4071,90
4072,83
4073,70
4074,51
4075,78
4076,70
4077,80
4078,19
4079,47
4080,61
4081,28
4082,5
4083,56
4084,90
4085,11
4086,21
4087,72
4088,24
4089,71
4090,57
4091,6
4092,31
4093,89
4094,47
4095,89
4096,98
4097,85
4098,62
4099,13
4100,36
4101,49
4102,44
4103,33
4104,55
4105,89
4106,44
4107,10
4108,51
4109,4
4110,59
4111,11
4112,57
4113,40
4114,51
4115,39
4116,32
4117,32
4118,6
4119,24
4120,82
4121,95
4122,26
4123,90
4124,9
4125,92
4126,4
4127,9
4128,32
4129,7
4130,58
4131,68
4132,2
4133,98
4134,6
4135,64
4136,62
4137,93
4138,51
4139,87
4140,48
4141,98
4142,12
4143,93
4144,27
4145,66
4146,86
4147,48
4148,47
4149,27
4150,87
4151,52
4152,63
4153,68
4154,80
4155,97
4156,17
4157,93
4158,3
4159,23
4160,7
4161,22
4162,85
4163,85
4164,49
4165,53
4166,33
4167,44
4168,47
4169,80
4170,66
4171,13
4172,38
4173,83
4174,93
4175,29
4176,79
4177,7
4178,8
4179,48
4180,39
4181,29
4182,75
4183,53
4184,90
4185,81
4186,83
4187,64
4188,23
4189,14
4190,46
4191,88
4192,40
4193,15
4194,58
4195,27
4196,44
4197,26
4198,31
4199,28
4200,27
4201,24
4202,21
4203,84
4204,42
4205,5
4206,91
4207,49
4208,52
4209,30
4210,39
4211,91
4212,97
4213,38
4214,16
4215,23
4216,47
4217,50
4218,21
4219,32
4220,88
4221,85
4222,89
4223,65
4224,72
4225,100
4226,5
4227,68
4228,44
4229,31
4230,21
4231,62
4232,85
4233,44
4234,65
4235,5
4236,73
4237,11
4238,47
4239,88
4240,65
4241,89
4242,73
4243,82
4244,98
4245,89
4246,49
4247,60
4248,80
4249,18
4250,43
4251,98
4252,48
4253,44
4254,81
4255,28
4256,90
4257,63
4258,15
4259,37
4260,29
4261,7
4262,16
4263,10
4264,69
4265,44
4266,65
4267,55
4268,45
4269,66
4270,12
4271,65
4272,37
4273,77
4274,52
4275,1
4276,90
4277,49
4278,5
4279,58
4280,16
4281,55
4282,82
4283,47
4284,12
4285,2
4286,62
4287,15
4288,43
4289,28
4290,80
4291,70
4292,23
4293,15
4294,27
4295,70
4296,9
4297,25
4298,54
4299,96
4300,77
4301,27
4302,86
4303,84
4304,75
4305,34
4306,51
4307,59
4308,96
4309,87
4310,23
4311,33
4312,96
4313,29
4314,12
4315,16
4316,95
4317,35
4318,63
4319,49
4320,60
4321,64
4322,39
4323,21
4324,13
4325,61
4326,26
4327,68
4328,94
4329,50
4330,49
4331,53
4332,7
4333,27
4334,72
4335,100
4336,67
4337,80
4338,26
4339,95
4340,77
4341,64
4342,28
4343,64
4344,90
4345,69
4346,67
4347,49
4348,55
4349,96
4350,16
4351,60
4352,98
4353,80
4354,42
4355,42
4356,75
4357,76
4358,88
4359,72
4360,70
4361,88
4362,8
4363,2
4364,93
4365,43
4366,24
4367,85
4368,18
4369,76
4370,42
4371,43
4372,45
4373,26
4374,16
4375,23
4376,81
4377,85
4378,25
4379,21
4380,79
4381,70
4382,89
4383,5
4384,59
4385,8
4386,33
4387,4
4388,42
4389,49
4390,39
4391,4
4392,95
4393,2
4394,10
4395,67
4396,13
4397,2
4398,27
4399,49
4400,13
4401,79
4402,43
4403,5
4404,27
4405,2
4406,42
4407,20
4408,11
4409,85
4410,7
4411,8
4412,37
4413,3
4414,39
4415,29
4416,12
4417,20
4418,6
4419,45
4420,22
4421,7
4422,64
4423,70
4424,14
4425,43
4426,18
4427,92
4428,50
4429,36
4430,72
4431,3
4432,42
4433,15
4434,22
4435,77
4436,87
4437,67
4438,38
4439,40
4440,88
4441,90
4442,7
4443,12
4444,34
4445,12
4446,16
4447,6
4448,88
4449,34
4450,72
4451,25
4452,12
4453,37
4454,55
4455,35
4456,62
4457,45
4458,28
4459,72
4460,48
4461,25
4462,14
4463,46
4464,67
4465,13
4466,12
4467,82
4468,95
4469,38
4470,1
4471,43
4472,22
4473,29
4474,39
4475,40
4476,5
4477,39
4478,10
4479,90
4480,62
4481,9
4482,68
4483,86
4484,62
4485,57
4486,9
4487,34
4488,77
4489,23
4490,53
4491,8
4492,17
4493,64
4494,58
4495,94
4496,65
4497,27
4498,49
4499,7
4500,88
4501,47
4502,79
4503,65
4504,20
4505,90
4506,26
4507,28
4508,85
4509,3
4510,51
4511,85
4512,66
4513,9
4514,83
4515,22
4516,57
4517,26
4518,34
4519,33
4520,39
4521,3
4522,86
4523,67
4524,75
4525,84
4526,86
4527,93
4528,9
4529,37
4530,5
4531,4
4532,69
4533,13
4534,87
4535,2
4536,63
4537,94
4538,37
4539,31
4540,46
4541,78
4542,7
4543,31
4544,19
4545,32
4546,89
4547,21
4548,14
4549,22
4550,89
4551,75
4552,9
4553,96
4554,86
4555,19
4556,87
4557,42
4558,80
4559,100
4560,59
4561,33
4562,60
4563,7
4564,48
4565,1
4566,41
4567,63
4568,59
4569,58
4570,8
4571,87
4572,56
4573,97
4574,8
4575,45
4576,61
4577,3
4578,35
4579,17
4580,16
4581,82
4582,11
4583,59
4584,31
4585,100
4586,5
4587,18
4588,100
4589,60
4590,76
4591,69
4592,91
4593,100
4594,6
4595,83
4596,86
4597,57
4598,38
4599,98
4600,40
4601,38
4602,77
4603,92
4604,66
4605,76
4606,63
4607,18
4608,97
4609,38
4610,41
4611,88
4612,97
4613,31
4614,39
4615,42
4616,28
4617,77
4618,26
4619,7
4620,91
4621,61
4622,29
4623,88
4624,18
4625,13
4626,89
4627,61
4628,49
4629,84
4630,66
4631,35
4632,88
4633,17
4634,51
4635,65
4636,71
4637,50
4638,7
4639,54
4640,49
4641,10
4642,89
4643,53
4644,53
4645,51
4646,76
4647,96
4648,32
4649,88
4650,55
4651,35
4652,55
4653,2
4654,89
4655,100
4656,55
4657,67
4658,43
4659,25
4660,7
4661,80
4662,87
4663,100
4664,15
4665,39
4666,45
4667,48
4668,2
4669,1
4670,51
4671,47
4672,89
4673,65
4674,50
4675,46
4676,77
4677,30
4678,49
4679,63
4680,77
4681,69
4682,39
4683,28
4684,31
4685,28
4686,28
4687,76
4688,54
4689,52
4690,19
4691,22
4692,94
4693,75
4694,92
4695,96
4696,65
4697,18
4698,19
4699,38
4700,8
4701,50
4702,90
4703,65
4704,40
4705,96
4706,50
4707,70
4708,39
4709,1
4710,85
4711,82
4712,89
4713,26
4714,30
4715,64
4716,11
4717,72
4718,83
4719,23
4720,13
4721,23
4722,28
4723,92
4724,94
4725,49
4726,43
4727,35
4728,89
4729,61
4730,75
4731,31
4732,25
4733,40
4734,52
4735,32
4736,61
4737,86
4738,75
4739,97
4740,67
4741,90
4742,90
4743,85
4744,76
4745,6
4746,6
4747,29
4748,89
4749,79
4750,65
4751,22
4752,59
4753,78
4754,79
4755,79
4756,95
4757,89
4758,91
4759,71
4760,54
4761,23
4762,84
4763,84
4764,53
4765,45
4766,11
4767,31
4768,25
4769,33
4770,3
4771,37
4772,61
4773,67
4774,7
4775,55
4776,11
4777,100
4778,34
4779,61
4780,5
4781,47
4782,18
4783,84
4784,3
4785,74
4786,43
4787,34
4788,66
4789,12
4790,61
4791,15
4792,49
4793,53
4794,98
4795,37
4796,43
4797,79
4798,92
4799,29
4800,37
4801,14
4802,35
4803,100
4804,19
4805,90
4806,19
4807,7
4808,92
4809,53
4810,69
4811,87
4812,98
4813,65
4814,70
4815,75
4816,22
4817,72
4818,42
4819,95
4820,38
4821,74
4822,100
4823,15
4824,34
4825,80
4826,75
4827,86
4828,25
4829,39
4830,63
4831,47
4832,59
4833,42
4834,90
4835,21
4836,4
4837,100
4838,24
4839,65
4840,34
4841,78
4842,40
4843,58
4844,43
4845,86
4846,42
4847,86
4848,86
4849,89
4850,83
4851,82
4852,15
4853,83
4854,75
4855,88
4856,52
4857,28
4858,71
4859,90
4860,53
4861,24
4862,29
4863,7
4864,39
4865,100
4866,2
4867,43
4868,8
4869,50
4870,30
4871,62
4872,79
4873,64
4874,59
4875,40
4876,74
4877,23
4878,75
4879,57
4880,60
4881,38
4882,10
4883,80
4884,7
4885,77
4886,1
4887,74
4888,60
4889,79
4890,73
4891,37
4892,57
4893,10
4894,17
4895,32
4896,82
4897,71
4898,48
4899,65
4900,32
4901,89
4902,48
4903,21
4904,8
4905,82
4906,96
4907,80
4908,62
4909,43
4910,72
4911,44
4912,7
4913,57
4914,1
4915,88
4916,65
4917,62
4918,9
4919,11
4920,77
4921,38
4922,23
4923,80
4924,86
4925,73
4926,36
4927,85
4928,56
4929,69
4930,40
4931,69
4932,87
4933,15
4934,28
4935,34
4936,99
4937,57
4938,52
4939,38
4940,93
4941,59
4942,83
4943,75
4944,46
4945,70
4946,54
4947,8
4948,62
4949,86
4950,46
4951,80
4952,1
4953,74
4954,77
4955,38
4956,18
4957,91
4958,88
4959,42
4960,60
4961,32
4962,64
4963,80
4964,5
4965,59
4966,53
4967,7
4968,77
4969,24
4970,82
4971,13
4972,14
4973,82
4974,67
4975,85
4976,43
4977,62
4978,66
4979,99
4980,35
4981,61
4982,71
4983,80
4984,98
4985,10
4986,96
4987,2
4988,45
4989,34
4990,84
4991,6
4992,60
4993,84
4994,39
4995,26
4996,20
4997,83
4998,72
4999,51
5000,57
5001,23
5002,18
5003,96
5004,86
5005,1
5006,31
5007,61
5008,99
5009,100
5010,16
5011,95
5012,40
5013,35
5014,23
5015,5
5016,44
5017,48
5018,58
5019,31
5020,64
5021,39
5022,27
5023,61
5024,68
5025,65
5026,78
5027,79
5028,48
5029,80
5030,91
5031,4
5032,3
5033,52
5034,34
5035,1
5036,91
5037,53
5038,61
5039,53
5040,44
5041,40
5042,11
5043,88
5044,98
5045,19
5046,2
5047,79
5048,8
5049,67
5050,97
5051,2
5052,11
5053,29
5054,13
5055,67
5056,92
5057,49
5058,15
5059,38
5060,46
5061,56
5062,15
5063,18
5064,60
5065,92
5066,28
5067,25
5068,12
5069,36
5070,21
5071,41
5072,13
5073,89
5074,18
5075,50
5076,42
5077,39
5078,73
5079,38
5080,75
5081,12
5082,96
5083,98
5084,82
5085,46
5086,68
5087,20
5088,52
5089,31
5090,64
5091,38
5092,11
5093,68
5094,72
5095,70
5096,96
5097,46
5098,14
5099,43
5100,65
5101,25
5102,1
5103,100
5104,16
5105,44
5106,61
5107,30
5108,21
5109,74
5110,29
5111,21
5112,69
5113,23
5114,59
5115,92
5116,41
5117,5
5118,96
5119,38
5120,49
5121,3
5122,17
5123,67
5124,70
5125,93
5126,7
5127,81
5128,50
5129,45
5130,27
5131,49
5132,95
5133,6
5134,19
5135,44
5136,67
5137,61
5138,46
5139,93
5140,58
5141,42
5142,42
5143,87
5144,82
5145,100
5146,87
5147,25
5148,59
5149,59
5150,12
5151,55
5152,76
5153,95
5154,63
5155,6
5156,75
5157,38
5158,11
5159,7
5160,45
5161,34
5162,93
5163,9
5164,21
5165,100
5166,67
5167,58
5168,88
5169,78
5170,15
5171,86
5172,40
5173,92
5174,74
5175,42
5176,78
5177,24
5178,82
5179,53
5180,87
5181,84
5182,38
5183,95
5184,26
5185,83
5186,72
5187,55
5188,83
5189,45
5190,32
5191,22
5192,68
5193,30
5194,96
5195,32
5196,11
5197,45
5198,60
5199,69
5200,34
5201,70
5202,96
5203,15
5204,57
5205,6
5206,3
5207,81
5208,9
5209,83
5210,92
5211,59
5212,80
5213,97
5214,45
5215,10
5216,25
5217,95
5218,36
5219,77
5220,23
5221,16
5222,1
5223,2
5224,64
5225,89
5226,49
5227,88
5228,33
5229,5
5230,54
5231,87
5232,9
5233,10
5234,46
5235,52
5236,12
5237,85
5238,7
5239,61
5240,66
5241,8
5242,77
5243,86
5244,56
5245,28
5246,49
5247,55
5248,38
5249,49
5250,4
5251,89
5252,5
5253,92
5254,3
5255,70
5256,42
5257,69
5258,23
5259,38
5260,18
5261,29
5262,9
5263,80
5264,49
5265,32
5266,44
5267,34
5268,81
5269,22
5270,98
5271,18
5272,68
5273,28
5274,49
5275,99
5276,47
5277,15
5278,78
5279,17
5280,14
5281,27
5282,86
5283,31
5284,1
5285,17
5286,7
5287,60
5288,48
5289,88
5290,63
5291,63
5292,29
5293,90
5294,86
5295,91
5296,45
5297,18
5298,58
5299,72
5300,34
5301,53
5302,66
5303,8
5304,11
5305,85
5306,80
5307,32
5308,78
5309,60
5310,57
5311,75
5312,22
5313,77
5314,5
5315,28
5316,85
5317,91
5318,30
5319,17
5320,89
5321,66
5322,76
5323,28
5324,84
5325,47
5326,53
5327,76
5328,21
5329,58
5330,52
5331,34
5332,63
5333,89
5334,34
5335,14
5336,52
5337,89
5338,27
5339,87
5340,81
5341,64
5342,21
5343,100
5344,60
5345,30
5346,30
5347,70
5348,44
5349,90
5350,64
5351,95
5352,56
5353,82
5354,28
5355,77
5356,96
5357,75
5358,74
5359,37
5360,92
5361,13
5362,42
5363,96
5364,73
5365,6
5366,66
5367,28
5368,27
5369,71
5370,52
5371,72
5372,3
5373,80
5374,60
5375,71
5376,90
5377,16
5378,17
5379,11
5380,88
5381,51
5382,23
5383,8
5384,60
5385,99
5386,36
5387,64
5388,72
5389,87
5390,2
5391,68
5392,58
5393,37
5394,86
5395,38
5396,90
5397,87
5398,70
5399,30
5400,95
5401,43
5402,76
5403,48
5404,59
5405,77
5406,62
5407,85
5408,22
5409,74
5410,50
5411,17
5412,34
5413,75
5414,45
5415,5
5416,13
5417,10
5418,27
5419,26
5420,56
5421,88
5422,54
5423,54
5424,97
5425,56
5426,99
5427,69
5428,3
5429,21
5430,55
5431,100
5432,2
5433,82
5434,96
5435,13
5436,11
5437,38
5438,64
5439,7
5440,87
5441,75
5442,100
5443,82
5444,94
5445,85
5446,71
5447,42
5448,12
5449,91
5450,45
5451,99
5452,18
5453,74
5454,13
5455,36
5456,17
5457,2
5458,17
5459,15
5460,66
5461,100
5462,74
5463,62
5464,70
5465,49
5466,60
5467,56
5468,7
5469,29
5470,5
5471,45
5472,85
5473,62
5474,53
5475,25
5476,68
5477,76
5478,74
5479,91
5480,70
5481,74
5482,80
5483,17
5484,88
5485,49
5486,73
5487,92
5488,39
5489,73
5490,54
5491,9
5492,24
5493,63
5494,54
5495,65
5496,1
5497,58
5498,36
5499,8
5500,100
5501,87
5502,35
5503,97
5504,27
5505,27
5506,87
5507,8
5508,38
5509,76
5510,51
5511,11
5512,81
5513,62
5514,57
5515,28
5516,22
5517,7
5518,90
5519,67
5520,55
5521,27
5522,1
5523,88
5524,40
5525,87
5526,18
5527,65
5528,25
5529,85
5530,90
5531,18
5532,12
5533,10
5534,85
5535,90
5536,69
5537,96
5538,49
5539,82
5540,97
5541,50
5542,2
5543,67
5544,22
5545,8
5546,91
5547,34
5548,90
5549,49
5550,82
5551,16
5552,11
5553,38
5554,11
5555,37
5556,63
5557,70
5558,5
5559,58
5560,98
5561,49
5562,33
5563,49
5564,38
5565,96
5566,10
5567,61
5568,15
5569,51
5570,59
5571,27
5572,66
5573,2
5574,97
5575,58
5576,9
5577,23
5578,65
5579,87
5580,100
5581,48
5582,83
5583,96
5584,86
5585,97
5586,36
5587,89
5588,58
5589,63
5590,1
5591,78
5592,61
5593,69
5594,80
5595,24
5596,38
5597,38
5598,31
5599,49
5600,90
5601,40
5602,43
5603,45
5604,49
5605,28
5606,80
5607,2
5608,43
5609,66
5610,80
5611,38
5612,35
5613,8
5614,88
5615,95
5616,67
5617,13
5618,51
5619,92
5620,91
5621,40
5622,21
5623,61
5624,35
5625,76
5626,20
5627,40
5628,43
5629,73
5630,38
5631,65
5632,40
5633,3
5634,5
5635,80
5636,15
5637,80
5638,70
5639,56
5640,96
5641,80
5642,24
5643,31
5644,75
5645,26
5646,33
5647,5
5648,64
5649,15
5650,6
5651,37
5652,61
5653,76
5654,79
5655,92
5656,53
5657,38
5658,86
5659,35
5660,30
5661,27
5662,30
5663,28
5664,63
5665,85
5666,94
5667,85
5668,82
5669,59
5670,16
5671,53
5672,76
5673,69
5674,86
5675,32
5676,54
5677,34
5678,24
5679,2
5680,79
5681,87
5682,46
5683,39
5684,23
5685,88
5686,55
5687,50
5688,88
5689,98
5690,87
5691,95
5692,11
5693,84
5694,43
5695,87
5696,34
5697,24
5698,50
5699,14
5700,96
5701,72
5702,53
5703,43
5704,90
5705,72
5706,93
5707,27
5708,79
5709,38
5710,86
5711,21
5712,90
5713,13
5714,68
5715,63
5716,98
5717,34
5718,39
5719,14
5720,28
5721,36
5722,39
5723,40
5724,8
5725,66
5726,94
5727,89
5728,38
5729,21
5730,43
5731,80
5732,79
5733,30
5734,89
5735,89
5736,44
5737,9
5738,17
5739,55
5740,26
5741,28
5742,43
5743,39
5744,29
5745,7
5746,44
5747,2
5748,65
5749,13
5750,87
5751,12
5752,54
5753,63
5754,38
5755,89
5756,78
5757,48
5758,65
5759,90
5760,54
5761,90
5762,19
5763,84
5764,63
5765,17
5766,62
5767,33
5768,54
5769,24
5770,13
5771,41
5772,46
5773,41
5774,41
5775,38
5776,10
5777,27
5778,80
5779,19
5780,76
5781,97
5782,6
5783,59
5784,15
5785,7
5786,99
5787,92
5788,31
5789,37
5790,38
5791,44
5792,29
5793,60
5794,80
5795,65
5796,45
5797,63
5798,32
5799,97
5800,21
5801,24
5802,17
5803,56
5804,86
5805,84
5806,66
5807,65
5808,49
5809,100
5810,72
5811,14
5812,14
5813,99
5814,47
5815,47
5816,29
5817,79
5818,41
5819,83
5820,83
5821,92
5822,92
5823,88
5824,27
5825,92
5826,89
5827,60
5828,44
5829,84
5830,58
5831,43
5832,26
5833,49
5834,18
5835,6
5836,22
5837,59
5838,13
5839,18
5840,65
5841,52
5842,95
5843,50
5844,92
5845,53
5846,99
5847,23
5848,27
5849,84
5850,26
5851,94
5852,100
5853,87
5854,39
5855,62
5856,82
5857,34
5858,77
5859,55
5860,88
5861,21
5862,8
5863,14
5864,67
5865,83
5866,74
5867,1
5868,10
5869,34
5870,37
5871,42
5872,8
5873,26
5874,62
5875,25
5876,4
5877,75
5878,30
5879,96
5880,43
5881,34
5882,22
5883,29
5884,68
5885,51
5886,66
5887,18
5888,51
5889,39
5890,51
5891,61
5892,52
5893,27
5894,11
5895,85
5896,74
5897,19
5898,90
5899,65
5900,50
5901,78
5902,86
5903,53
5904,27
5905,31
5906,42
5907,75
5908,32
5909,52
5910,97
5911,77
5912,73
5913,7
5914,91
5915,84
5916,61
5917,79
5918,72
5919,76
5920,77
5921,79
5922,54
5923,30
5924,52
5925,57
5926,43
5927,31
5928,58
5929,65
5930,2
5931,81
5932,1
5933,68
5934,92
5935,58
5936,97
5937,64
5938,88
5939,69
5940,44
5941,82
5942,89
5943,60
5944,9
5945,72
5946,94
5947,90
5948,39
5949,45
5950,48
5951,83
5952,25
5953,1
5954,5
5955,21
5956,52
5957,11
5958,72
5959,34
5960,39
5961,85
5962,66
5963,87
5964,26
5965,55
5966,13
5967,45
5968,21
5969,82
5970,2
5971,86
5972,57
5973,65
5974,43
5975,61
5976,38
5977,85
5978,9
5979,18
5980,13
5981,28
5982,10
5983,33
5984,50
5985,58
5986,44
5987,18
5988,87
5989,22
5990,79
5991,20
5992,22
5993,24
5994,93
5995,79
5996,61
5997,47
5998,35
5999,83
6000,76
6001,55
6002,7
6003,28
6004,82
6005,97
6006,53
6007,15
6008,19
6009,6
6010,43
6011,100
6012,18
6013,93
6014,29
6015,62
6016,55
6017,79
6018,22
6019,68
6020,48
6021,46
6022,87
6023,34
6024,78
6025,18
6026,26
6027,84
6028,100
6029,50
6030,42
6031,27
6032,35
6033,2
6034,84
6035,96
6036,98
6037,29
6038,1
6039,29
6040,48
6041,79
6042,31
6043,55
6044,90
6045,39
6046,74
6047,87
6048,49
6049,84
6050,11
6051,55
6052,42
6053,80
6054,87
6055,42
6056,73
6057,1
6058,52
6059,80
6060,2
6061,77
6062,96
6063,100
6064,59
6065,32
6066,78
6067,30
6068,93
6069,54
6070,38
6071,77
6072,69
6073,87
6074,27
6075,61
6076,49
6077,18
6078,27
6079,38
6080,100
6081,46
6082,49
6083,85
6084,85
6085,44
6086,59
6087,93
6088,21
6089,49
6090,28
6091,51
6092,31
6093,89
6094,57
6095,83
6096,90
6097,2
6098,46
6099,2
6100,8
6101,51
6102,87
6103,95
6104,18
6105,89
6106,64
6107,91
6108,7
6109,15
6110,21
6111,45
6112,87
6113,39
6114,82
6115,15
6116,23
6117,14
6118,72
6119,58
6120,49
6121,86
6122,68
6123,37
6124,62
6125,8
6126,68
6127,68
6128,26
6129,42
6130,28
6131,28
6132,100
6133,80
6134,81
6135,13
6136,52
6137,38
6138,70
6139,7
6140,71
6141,13
6142,24
6143,85
6144,67
6145,84
6146,13
6147,5
6148,75
6149,95
6150,24
6151,31
6152,90
6153,61
6154,68
6155,52
6156,87
6157,46
6158,74
6159,73
6160,5
6161,90
6162,85
6163,80
6164,13
6165,15
6166,13
6167,10
6168,91
6169,67
6170,9
6171,9
6172,35
6173,42
6174,42
6175,38
6176,69
6177,49
6178,61
6179,85
6180,45
6181,62
6182,71
6183,94
6184,1
6185,22
6186,91
6187,54
6188,46
6189,52
6190,7
6191,61
6192,3
6193,54
6194,39
6195,23
6196,25
6197,35
6198,14
6199,91
6200,79
6201,24
6202,35
6203,37
6204,18
6205,27
6206,41
6207,97
6208,49
6209,23
6210,28
6211,15
6212,67
6213,36
6214,25
6215,57
6216,18
6217,20
6218,29
6219,54
6220,44
6221,65
6222,21
6223,12
6224,15
6225,8
6226,18
6227,22
6228,43
6229,26
6230,80
6231,28
6232,91
6233,38
6234,17
6235,53
6236,4
6237,13
6238,89
6239,71
6240,39
6241,72
6242,25
6243,54
6244,91
6245,28
6246,45
6247,66
6248,1
6249,61
6250,13
6251,98
6252,65
6253,98
6254,100
6255,57
6256,93
6257,91
6258,82
6259,64
6260,19
6261,13
6262,65
6263,18
6264,38
6265,67
6266,50
6267,90
6268,96
6269,61
6270,43
6271,94
6272,78
6273,32
6274,63
6275,11
6276,67
6277,100
6278,90
6279,80
6280,52
6281,77
6282,28
6283,35
6284,55
6285,5
6286,1
6287,99
6288,95
6289,37
6290,79
6291,26
6292,91
6293,91
6294,60
6295,82
6296,27
6297,17
6298,85
6299,78
6300,86
6301,37
6302,55
6303,4
6304,74
6305,65
6306,39
6307,75
6308,32
6309,28
6310,69
6311,32
6312,59
6313,37
6314,95
6315,3
6316,82
6317,42
6318,75
6319,54
6320,84
6321,19
6322,42
6323,40
6324,89
6325,98
6326,48
6327,44
6328,10
6329,16
6330,43
6331,33
6332,90
6333,28
6334,15
6335,13
6336,45
6337,73
6338,65
6339,39
6340,31
6341,53
6342,16
6343,47
6344,80
6345,96
6346,41
6347,60
6348,44
6349,85
6350,94
6351,9
6352,71
6353,100
6354,8
6355,87
6356,68
6357,52
6358,8
6359,43
6360,30
6361,58
6362,88
6363,53
6364,92
6365,17
6366,39
6367,77
6368,7
6369,45
6370,44
6371,83
6372,36
6373,82
6374,23
6375,26
6376,39
6377,82
6378,96
6379,6
6380,46
6381,19
6382,1
6383,22
6384,3
6385,44
6386,36
6387,20
6388,93
6389,86
6390,67
6391,82
6392,11
6393,79
6394,66
6395,29
6396,48
6397,23
6398,75
6399,88
6400,24
6401,71
6402,48
6403,18
6404,75
6405,45
6406,62
6407,58
6408,19
6409,28
6410,94
6411,60
6412,89
6413,82
6414,3
6415,59
6416,60
6417,1
6418,26
6419,27
6420,82
6421,22
6422,50
6423,59
6424,7
6425,85
6426,4
6427,27
6428,36
6429,54
6430,91
6431,67
6432,52
6433,11
6434,64
6435,24
6436,80
6437,98
6438,22
6439,53
6440,91
6441,37
6442,84
6443,71
6444,55
6445,11
6446,49
6447,29
6448,95
6449,19
6450,93
6451,21
6452,39
6453,54
6454,14
6455,85
6456,66
6457,14
6458,61
6459,65
6460,41
6461,14
6462,55
6463,18
6464,31
6465,15
6466,99
6467,66
6468,57
6469,59
6470,85
6471,77
6472,27
6473,54
6474,12
6475,16
6476,1
6477,15
6478,54
6479,84
6480,95
6481,11
6482,3
6483,31
6484,29
6485,11
6486,98
6487,89
6488,97
6489,71
6490,74
6491,29
6492,61
6493,38
6494,77
6495,57
6496,79
6497,84
6498,61
6499,23
6500,91
6501,54
6502,69
6503,49
6504,18
6505,36
6506,24
6507,47
6508,91
6509,17
6510,11
6511,38
6512,89
6513,79
6514,26
6515,47
6516,43
6517,11
6518,99
6519,28
6520,22
6521,76
6522,12
6523,72
6524,92
6525,97
6526,70
6527,10
6528,37
6529,13
6530,43
6531,42
6532,77
6533,98
6534,35
6535,6
6536,3
6537,16
6538,92
6539,19
6540,73
6541,81
6542,80
6543,31
6544,55
6545,100
6546,54
6547,67
6548,11
6549,18
6550,81
6551,28
6552,80
6553,34
6554,39
6555,9
6556,18
6557,84
6558,84
6559,81
6560,7
6561,21
6562,79
6563,68
6564,86
6565,77
6566,67
6567,12
6568,46
6569,35
6570,24
6571,91
6572,89
6573,66
6574,28
6575,66
6576,68
6577,92
6578,48
6579,68
6580,78
6581,27
6582,14
6583,85
6584,14
6585,11
6586,47
6587,88
6588,64
6589,76
6590,72
6591,43
6592,70
6593,71
6594,9
6595,40
6596,6
6597,1
6598,42
6599,43
6600,21
6601,11
6602,63
6603,34
6604,17
6605,63
6606,61
6607,96
6608,59
6609,91
6610,44
6611,96
6612,34
6613,61
6614,22
6615,52
6616,52
6617,98
6618,44
6619,28
6620,99
6621,70
6622,25
6623,47
6624,14
6625,30
6626,45
6627,61
6628,19
6629,64
6630,25
6631,50
6632,92
6633,6
6634,76
6635,28
6636,39
6637,93
6638,19
6639,94
6640,82
6641,87
6642,17
6643,52
6644,43
6645,49
6646,1
6647,53
6648,80
6649,52
6650,53
6651,74
6652,15
6653,65
6654,36
6655,84
6656,64
6657,73
6658,28
6659,30
6660,64
6661,52
6662,15
6663,47
6664,12
6665,86
6666,50
6667,93
6668,60
6669,98
6670,6
6671,53
6672,18
6673,78
6674,97
6675,11
6676,88
6677,23
6678,6
6679,73
6680,89
6681,89
6682,35
6683,96
6684,81
6685,47
6686,62
6687,30
6688,59
6689,20
6690,39
6691,88
6692,67
6693,98
6694,74
6695,82
6696,62
6697,23
6698,61
6699,86
6700,40
6701,16
6702,24
6703,73
6704,86
6705,5
6706,54
6707,1
6708,22
6709,9
6710,44
6711,98
6712,42
6713,31
6714,70
6715,46
6716,83
6717,97
6718,4
6719,28
6720,45
6721,35
6722,84
6723,2
6724,51
6725,10
6726,87
6727,65
6728,13
6729,74
6730,97
6731,90
6732,31
6733,22
6734,49
6735,44
6736,2
6737,55
6738,45
6739,75
6740,34
6741,25
6742,90
6743,42
6744,3
6745,49
6746,13
6747,60
6748,30
6749,98
6750,65
6751,79
6752,80
6753,98
6754,61
6755,66
6756,40
6757,86
6758,37
6759,100
6760,78
6761,6
6762,44
6763,2
6764,57
6765,17
6766,5
6767,70
6768,30
6769,16
6770,67
6771,46
6772,26
6773,76
6774,90
6775,55
6776,98
6777,89
6778,59
6779,48
6780,84
6781,11
6782,97
6783,93
6784,78
6785,53
6786,83
6787,24
6788,52
6789,62
6790,9
6791,59
6792,94
6793,65
6794,79
6795,46
6796,96
6797,49
6798,71
6799,85
6800,49
6801,28
6802,85
6803,10
6804,2
6805,75
6806,7
6807,34
6808,65
6809,43
6810,22
6811,15
6812,27
6813,53
6814,22
6815,32
6816,54
6817,19
6818,1
6819,19
6820,54
6821,10
6822,44
6823,66
6824,14
6825,43
6826,39
6827,98
6828,95
6829,13
6830,82
6831,76
6832,88
6833,66
6834,59
6835,8
6836,71
6837,53
6838,89
6839,75
6840,28
6841,23
6842,46
6843,2
6844,51
6845,71
6846,74
6847,35
6848,10
6849,19
6850,1
6851,97
6852,17
6853,34
6854,28
6855,45
6856,94
6857,44
6858,42
6859,97
6860,43
6861,36
6862,59
6863,89
6864,97
6865,12
6866,77
6867,51
6868,67
6869,45
6870,89
6871,73
6872,44
6873,62
6874,59
6875,57
6876,88
6877,7
6878,47
6879,89
6880,69
6881,76
6882,5
6883,80
6884,67
6885,4
6886,48
6887,96
6888,17
6889,51
6890,35
6891,96
6892,74
6893,52
6894,71
6895,72
6896,73
6897,26
6898,57
6899,44
6900,41
6901,7
6902,55
6903,38
6904,10
6905,52
6906,74
6907,14
6908,28
6909,79
6910,22
6911,58
6912,91
6913,49
6914,81
6915,53
6916,35
6917,90
6918,11
6919,13
6920,7
6921,41
6922,75
6923,69
6924,12
6925,88
6926,3
6927,9
6928,83
6929,60
6930,80
6931,91
6932,70
6933,31
6934,73
6935,98
6936,34
6937,69
6938,26
6939,24
6940,80
6941,67
6942,71
6943,6
6944,11
6945,66
6946,46
6947,82
6948,52
6949,21
6950,7
6951,51
6952,43
6953,36
6954,87
6955,28
6956,89
6957,86
6958,70
6959,46
6960,25
6961,59
6962,22
6963,68
6964,39
6965,72
6966,74
6967,92
6968,76
6969,97
6970,46
6971,53
6972,79
6973,18
6974,80
6975,28
6976,70
6977,85
6978,62
6979,50
6980,93
6981,94
6982,54
6983,12
6984,9
6985,77
6986,86
6987,85
6988,25
6989,85
6990,52
6991,26
6992,7
6993,59
6994,37
6995,42
6996,85
6997,65
6998,91
6999,74
7000,80
7001,74
7002,80
7003,16
7004,64
7005,97
7006,34
7007,73
7008,99
7009,48
7010,85
7011,8
7012,44
7013,34
7014,65
7015,44
7016,82
7017,35
7018,26
7019,27
7020,7
7021,84
7022,86
7023,32
7024,86
7025,90
7026,17
7027,82
7028,91
7029,95
7030,86
7031,89
7032,6
7033,1
7034,64
7035,96
7036,37
7037,25
7038,89
7039,65
7040,10
7041,63
7042,54
7043,42
7044,56
7045,90
7046,8
7047,35
7048,95
7049,69
7050,50
7051,40
7052,13
7053,4
7054,85
7055,64
7056,95
7057,85
7058,13
7059,64
7060,16
7061,42
7062,80
7063,24
7064,91
7065,10
7066,26
7067,46
7068,43
7069,80
7070,59
7071,90
7072,2
7073,69
7074,19
7075,26
7076,95
7077,15
7078,86
7079,47
7080,34
7081,38
7082,76
7083,10
7084,89
7085,76
7086,68
7087,88
7088,51
7089,45
7090,39
7091,69
7092,22
7093,69
7094,14
7095,86
7096,2
7097,33
7098,57
7099,8
7100,34
7101,5
7102,33
7103,9
7104,9
7105,34
7106,6
7107,72
7108,82
7109,81
7110,62
7111,31
7112,76
7113,15
7114,61
7115,13
7116,96
7117,91
7118,8
7119,55
7120,85
7121,38
7122,74
7123,51
7124,90
7125,48
7126,30
7127,61
7128,67
7129,79
7130,25
7131,4
7132,50
7133,85
7134,58
7135,93
7136,46
7137,23
7138,2
7139,37
7140,23
7141,93
7142,54
7143,49
7144,87
7145,89
7146,49
7147,34
7148,13
7149,65
7150,70
7151,78
7152,87
7153,49
7154,49
7155,71
7156,3
7157,22
7158,72
7159,25
7160,70
7161,79
7162,13
7163,80
7164,56
7165,78
7166,5
7167,57
7168,68
7169,99
7170,23
7171,29
7172,70
7173,13
7174,20
7175,86
7176,22
7177,37
7178,42
7179,43
7180,79
7181,62
7182,48
7183,8
7184,18
7185,91
7186,16
7187,29
7188,15
7189,78
7190,29
7191,15
7192,2
7193,61
7194,27
7195,91
7196,25
7197,88
7198,36
7199,86
7200,36
7201,52
7202,96
7203,21
7204,67
7205,88
7206,71
7207,70
7208,28
7209,12
7210,93
7211,98
7212,9
7213,35
7214,35
7215,26
7216,11
7217,22
7218,46
7219,22
7220,53
7221,65
7222,75
7223,94
7224,11
7225,100
7226,82
7227,70
7228,55
7229,64
7230,44
7231,43
7232,5
7233,95
7234,30
7235,23
7236,80
7237,42
7238,44
7239,53
7240,89
7241,3
7242,48
7243,62
7244,12
7245,69
7246,83
7247,23
7248,43
7249,100
7250,6
7251,65
7252,44
7253,76
7254,94
7255,46
7256,91
7257,77
7258,44
7259,81
7260,80
7261,39
7262,25
7263,87
7264,24
7265,34
7266,18
7267,87
7268,11
7269,37
7270,25
7271,16
7272,39
7273,1
7274,54
7275,28
7276,67
7277,88
7278,14
7279,80
7280,93
7281,62
7282,3
7283,49
7284,83
7285,43
7286,100
7287,93
7288,42
7289,28
7290,62
7291,33
7292,80
7293,26
7294,45
7295,34
7296,82
7297,9
7298,34
7299,7
7300,20
7301,10
7302,100
7303,56
7304,90
7305,9
7306,9
7307,28
7308,44
7309,44
7310,35
7311,43
7312,96
7313,55
7314,67
7315,28
7316,12
7317,5
7318,4
7319,59
7320,86
7321,50
7322,53
7323,98
7324,71
7325,74
7326,39
7327,99
7328,60
7329,80
7330,49
7331,94
7332,31
7333,73
7334,65
7335,11
7336,50
7337,29
7338,89
7339,10
7340,32
7341,30
7342,46
7343,6
7344,7
7345,46
7346,71
7347,50
7348,97
7349,98
7350,68
7351,67
7352,25
7353,30
7354,51
7355,10
7356,78
7357,53
7358,49
7359,88
7360,19
7361,71
7362,94
7363,29
7364,28
7365,57
7366,65
7367,41
7368,42
7369,17
7370,23
7371,11
7372,91
7373,84
7374,89
7375,42
7376,67
7377,19
7378,9
7379,44
7380,79
7381,97
7382,94
7383,49
7384,32
7385,17
7386,43
7387,85
7388,67
7389,54
7390,43
7391,88
7392,34
7393,23
7394,86
7395,8
7396,84
7397,61
7398,24
7399,31
7400,9
7401,81
7402,85
7403,71
7404,48
7405,55
7406,21
7407,16
7408,8
7409,2
7410,13
7411,39
7412,80
7413,47
7414,60
7415,55
7416,52
7417,42
7418,49
7419,60
7420,71
7421,52
7422,81
7423,24
7424,98
7425,19
7426,56
7427,87
7428,80
7429,83
7430,18
7431,18
7432,6
7433,79
7434,13
7435,4
7436,25
7437,27
7438,50
7439,43
7440,67
7441,3
7442,25
7443,35
7444,79
7445,65
7446,59
7447,2
7448,56
7449,85
7450,98
7451,92
7452,13
7453,38
7454,72
7455,56
7456,49
7457,52
7458,38
7459,7
7460,35
7461,66
7462,11
7463,79
7464,45
7465,45
7466,55
7467,51
7468,59
7469,22
7470,60
7471,9
7472,25
7473,4
7474,98
7475,13
7476,65
7477,14
7478,86
7479,25
7480,80
7481,49
7482,87
7483,33
7484,33
7485,74
7486,64
7487,33
7488,69
7489,44
7490,17
7491,64
7492,91
7493,67
7494,47
7495,82
7496,7
7497,79
7498,78
7499,47
7500,11
7501,80
7502,47
7503,5
7504,34
7505,41
7506,16
7507,35
7508,77
7509,93
7510,34
7511,94
7512,9
7513,72
7514,44
7515,95
7516,42
7517,7
7518,44
7519,93
7520,47
7521,62
7522,89
7523,72
7524,46
7525,33
7526,41
7527,39
7528,47
7529,21
7530,96
7531,80
7532,67
7533,33
7534,52
7535,72
7536,85
7537,37
7538,56
7539,43
7540,90
7541,7
7542,28
7543,88
7544,61
7545,27
7546,68
7547,98
7548,29
7549,44
7550,67
7551,60
7552,66
7553,8
7554,68
7555,92
7556,52
7557,14
7558,94
7559,18
7560,27
7561,53
7562,29
7563,20
7564,13
7565,80
7566,74
7567,65
7568,7
7569,59
7570,83
7571,48
7572,67
7573,34
7574,92
7575,64
7576,11
7577,90
7578,88
7579,82
7580,51
7581,39
7582,71
7583,65
7584,37
7585,81
7586,13
7587,58
7588,85
7589,91
7590,30
7591,53
7592,88
7593,50
7594,92
7595,42
7596,75
7597,61
7598,52
7599,49
7600,90
7601,76
7602,86
7603,37
7604,53
7605,93
7606,79
7607,83
7608,50
7609,18
7610,7
7611,75
7612,87
7613,92
7614,46
7615,89
7616,17
7617,15
7618,90
7619,63
7620,45
7621,98
7622,3
7623,54
7624,49
7625,4
7626,89
7627,65
7628,85
7629,28
7630,55
7631,32
7632,18
7633,27
7634,23
7635,9
7636,66
7637,80
7638,52
7639,61
7640,24
7641,49
7642,6
7643,74
7644,7
7645,65
7646,9
7647,40
7648,95
7649,40
7650,38
7651,27
7652,20
7653,45
7654,92
7655,45
7656,39
7657,60
7658,67
7659,55
7660,35
7661,96
7662,7
7663,39
7664,90
7665,27
7666,7
7667,54
7668,76
7669,1
7670,24
7671,98
7672,7
7673,12
7674,22
7675,19
7676,71
7677,77
7678,75
7679,93
7680,46
7681,18
7682,49
7683,79
7684,43
7685,99
7686,89
7687,25
7688,58
7689,22
7690,31
7691,49
7692,77
7693,44
7694,96
7695,100
7696,32
7697,33
7698,40
7699,2
7700,91
7701,18
7702,57
7703,80
7704,97
7705,100
7706,80
7707,30
7708,10
7709,9
7710,87
7711,80
7712,96
7713,36
7714,7
7715,50
7716,53
7717,59
7718,46
7719,11
7720,98
7721,82
7722,60
7723,48
7724,37
7725,24
7726,54
7727,78
7728,57
7729,53
7730,76
7731,5
7732,53
7733,32
7734,32
7735,71
7736,3
7737,97
7738,2
7739,54
7740,43
7741,24
7742,40
7743,77
7744,88
7745,49
7746,87
7747,46
7748,66
7749,63
7750,44
7751,81
7752,40
7753,91
7754,77
7755,30
7756,11
7757,47
7758,8
7759,2
7760,88
7761,2
7762,69
7763,40
7764,5
7765,7
7766,89
7767,9
7768,57
7769,63
7770,19
7771,57
7772,21
7773,44
7774,73
7775,62
7776,55
7777,98
7778,63
7779,21
7780,54
7781,50
7782,79
7783,34
7784,82
7785,53
7786,28
7787,82
7788,59
7789,86
7790,18
7791,91
7792,70
7793,15
7794,92
7795,10
7796,82
7797,90
7798,50
7799,84
7800,1
7801,98
7802,57
7803,79
7804,17
7805,82
7806,27
7807,26
7808,8
7809,82
7810,91
7811,1
7812,2
7813,21
7814,85
7815,9
7816,32
7817,87
7818,33
7819,49
7820,24
7821,48
7822,96
7823,98
7824,28
7825,39
7826,15
7827,44
7828,36
7829,88
7830,97
7831,97
7832,60
7833,98
7834,60
7835,86
7836,30
7837,18
7838,66
7839,83
7840,88
7841,11
7842,84
7843,73
7844,59
7845,21
7846,73
7847,70
7848,27
7849,40
7850,80
7851,64
7852,60
7853,80
7854,67
7855,34
7856,79
7857,29
7858,43
7859,42
7860,15
7861,70
7862,70
7863,76
7864,74
7865,74
7866,94
7867,30
7868,95
7869,86
7870,91
7871,69
7872,69
7873,64
7874,80
7875,75
7876,95
7877,29
7878,46
7879,49
7880,79
7881,87
7882,29
7883,95
7884,79
7885,23
7886,90
7887,7
7888,7
7889,69
7890,49
7891,3
7892,21
7893,16
7894,19
7895,32
7896,66
7897,90
7898,16
7899,65
7900,80
7901,60
7902,29
7903,57
7904,60
7905,7
7906,1
7907,47
7908,58
7909,28
7910,17
7911,53
7912,78
7913,79
7914,3
7915,36
7916,20
7917,64
7918,24
7919,24
7920,36
7921,38
7922,42
7923,30
7924,22
7925,19
7926,39
7927,7
7928,63
7929,20
7930,45
7931,93
7932,54
7933,65
7934,25
7935,25
7936,3
7937,28
7938,91
7939,94
7940,76
7941,61
7942,59
7943,69
7944,95
7945,62
7946,78
7947,92
7948,53
7949,16
7950,65
7951,3
7952,49
7953,63
7954,65
7955,64
7956,28
7957,52
7958,96
7959,16
7960,35
7961,32
7962,11
7963,42
7964,4
7965,48
7966,53
7967,82
7968,74
7969,3
7970,66
7971,87
7972,47
7973,31
7974,7
7975,37
7976,98
7977,100
7978,11
7979,84
7980,22
7981,62
7982,74
7983,18
7984,18
7985,96
7986,31
7987,9
7988,95
7989,79
7990,46
7991,52
7992,65
7993,98
7994,32
7995,72
7996,46
7997,61
7998,53
7999,53
8000,31
8001,47
8002,40
8003,87
8004,42
8005,62
8006,43
8007,96
8008,46
8009,95
8010,76
8011,85
8012,47
8013,14
8014,50
8015,88
8016,10
8017,83
8018,44
8019,14
8020,35
8021,65
8022,58
8023,38
8024,20
8025,90
8026,8
8027,24
8028,1
8029,69
8030,8
8031,63
8032,67
8033,93
8034,51
8035,38
8036,84
8037,32
8038,20
8039,65
8040,20
8041,45
8042,90
8043,8
8044,13
8045,88
8046,88
8047,29
8048,53
8049,25
8050,22
8051,57
8052,38
8053,31
8054,17
8055,67
8056,64
8057,82
8058,46
8059,95
8060,60
8061,89
8062,65
8063,33
8064,64
8065,87
8066,9
8067,94
8068,25
8069,53
8070,38
8071,93
8072,31
8073,37
8074,44
8075,53
8076,47
8077,13
8078,36
8079,60
8080,3
8081,85
8082,9
8083,77
8084,70
8085,82
8086,45
8087,70
8088,65
8089,100
8090,44
8091,88
8092,8
8093,36
8094,31
8095,23
8096,29
8097,75
8098,75
8099,100
8100,87
8101,8
8102,63
8103,44
8104,80
8105,52
8106,65
8107,1
8108,39
8109,14
8110,2
8111,80
8112,50
8113,83
8114,49
8115,75
8116,78
8117,98
8118,18
8119,26
8120,5
8121,40
8122,25
8123,12
8124,47
8125,72
8126,98
8127,8
8128,80
8129,89
8130,53
8131,17
8132,45
8133,31
8134,8
8135,100
8136,51
8137,94
8138,78
8139,71
8140,8
8141,11
8142,83
8143,27
8144,28
8145,59
8146,14
8147,60
8148,24
8149,66
8150,43
8151,100
8152,8
8153,73
8154,10
8155,71
8156,64
8157,79
8158,96
8159,55
8160,62
8161,88
8162,38
8163,34
8164,22
8165,77
8166,28
8167,33
8168,60
8169,79
8170,29
8171,11
8172,74
8173,21
8174,19
8175,83
8176,28
8177,94
8178,62
8179,47
8180,81
8181,42
8182,65
8183,24
8184,17
8185,99
8186,58
8187,59
8188,27
8189,48
8190,65
8191,38
8192,42
8193,39
8194,47
8195,28
8196,62
8197,39
8198,66
8199,94
8200,30
8201,16
8202,1
8203,44
8204,74
8205,18
8206,80
8207,80
8208,23
8209,8
8210,49
8211,74
8212,24
8213,76
8214,77
8215,23
8216,82
8217,72
8218,80
8219,98
8220,61
8221,58
8222,41
8223,90
8224,87
8225,79
8226,42
8227,52
8228,44
8229,90
8230,48
8231,51
8232,20
8233,81
8234,17
8235,100
8236,92
8237,100
8238,75
8239,89
8240,9
8241,31
8242,69
8243,21
8244,27
8245,2
8246,45
8247,79
8248,28
8249,34
8250,82
8251,29
8252,41
8253,87
8254,59
8255,63
8256,33
8257,76
8258,100
8259,21
8260,37
8261,68
8262,90
8263,53
8264,18
8265,5
8266,82
8267,8
8268,64
8269,95
8270,58
8271,45
8272,77
8273,68
8274,69
8275,48
8276,28
8277,27
8278,19
8279,30
8280,11
8281,67
8282,79
8283,54
8284,48
8285,92
8286,90
8287,80
8288,94
8289,88
8290,94
8291,33
8292,41
8293,74
8294,44
8295,93
8296,91
8297,54
8298,25
8299,6
8300,88
8301,41
8302,32
8303,38
8304,42
8305,47
8306,67
8307,16
8308,70
8309,53
8310,18
8311,84
8312,98
8313,91
8314,49
8315,26
8316,28
8317,67
8318,87
8319,15
8320,74
8321,44
8322,14
8323,68
8324,67
8325,10
8326,75
8327,80
8328,42
8329,24
8330,98
8331,100
8332,73
8333,65
8334,53
8335,79
8336,93
8337,85
8338,62
8339,84
8340,18
8341,54
8342,90
8343,7
8344,49
8345,37
8346,5
8347,9
8348,1
8349,96
8350,42
8351,68
8352,53
8353,53
8354,93
8355,64
8356,31
8357,96
8358,25
8359,50
8360,95
8361,45
8362,65
8363,66
8364,30
8365,7
8366,39
8367,1
8368,14
8369,52
8370,36
8371,80
8372,27
8373,8
8374,36
8375,11
8376,21
8377,87
8378,21
8379,93
8380,90
8381,59
8382,33
8383,20
8384,87
8385,41
8386,79
8387,87
8388,88
8389,87
8390,35
8391,28
8392,25
8393,65
8394,17
8395,38
8396,33
8397,60
8398,27
8399,96
8400,15
8401,69
8402,57
8403,18
8404,12
8405,71
8406,19
8407,29
8408,43
8409,89
8410,87
8411,33
8412,42
8413,49
8414,76
8415,62
8416,48
8417,76
8418,80
8419,38
8420,35
8421,15
8422,50
8423,48
8424,94
8425,22
8426,97
8427,20
8428,75
8429,21
8430,32
8431,58
8432,5
8433,33
8434,87
8435,19
8436,74
8437,36
8438,57
8439,77
8440,39
8441,100
8442,13
8443,2
8444,98
8445,63
8446,34
8447,92
8448,82
8449,79
8450,74
8451,70
8452,82
8453,29
8454,16
8455,98
8456,94
8457,82
8458,98
8459,53
8460,32
8461,15
8462,97
8463,50
8464,41
8465,93
8466,49
8467,27
8468,86
8469,7
8470,80
8471,77
8472,13
8473,96
8474,7
8475,100
8476,75
8477,21
8478,38
8479,93
8480,94
8481,30
8482,100
8483,18
8484,40
8485,70
8486,37
8487,91
8488,76
8489,20
8490,22
8491,8
8492,85
8493,82
8494,19
8495,11
8496,23
8497,34
8498,55
8499,53
8500,62
8501,79
8502,87
8503,28
8504,87
8505,29
8506,86
8507,80
8508,80
8509,67
8510,88
8511,70
8512,89
8513,64
8514,67
8515,95
8516,94
8517,80
8518,77
8519,14
8520,77
8521,10
8522,9
8523,28
8524,48
8525,54
8526,6
8527,71
8528,10
8529,89
8530,25
8531,36
8532,77
8533,85
8534,88
8535,25
8536,93
8537,53
8538,47
8539,7
8540,7
8541,96
8542,57
8543,13
8544,16
8545,29
8546,80
8547,71
8548,83
8549,18
8550,43
8551,93
8552,40
8553,60
8554,41
8555,83
8556,15
8557,33
8558,69
8559,18
8560,11
8561,46
8562,71
8563,82
8564,46
8565,78
8566,87
8567,43
8568,23
8569,43
8570,64
8571,46
8572,67
8573,80
8574,90
8575,70
8576,19
8577,15
8578,65
8579,47
8580,82
8581,29
8582,22
8583,35
8584,96
8585,100
8586,55
8587,100
8588,57
8589,49
8590,68
8591,4
8592,32
8593,49
8594,100
8595,99
8596,86
8597,85
8598,68
8599,47
8600,72
8601,55
8602,72
8603,25
8604,64
8605,45
8606,37
8607,51
8608,79
8609,92
8610,78
8611,68
8612,67
8613,40
8614,80
8615,33
8616,28
8617,73
8618,86
8619,25
8620,78
8621,49
8622,78
8623,58
8624,27
8625,7
8626,67
8627,81
8628,70
8629,75
8630,9
8631,44
8632,13
8633,79
8634,45
8635,80
8636,83
8637,47
8638,8
8639,23
8640,47
8641,44
8642,80
8643,74
8644,33
8645,13
8646,48
8647,82
8648,49
8649,67
8650,88
8651,97
8652,42
8653,65
8654,42
8655,26
8656,79
8657,40
8658,65
8659,70
8660,59
8661,88
8662,79
8663,70
8664,10
8665,53
8666,62
8667,48
8668,69
8669,7
8670,87
8671,31
8672,89
8673,26
8674,42
8675,33
8676,87
8677,8
8678,29
8679,68
8680,66
8681,52
8682,64
8683,40
8684,71
8685,4
8686,76
8687,50
8688,78
8689,52
8690,39
8691,98
8692,77
8693,65
8694,96
8695,67
8696,26
8697,89
8698,65
8699,39
8700,42
8701,65
8702,55
8703,82
8704,2
8705,70
8706,84
8707,87
8708,82
8709,88
8710,34
8711,3
8712,11
8713,82
8714,98
8715,47
8716,46
8717,93
8718,71
8719,4
8720,83
8721,96
8722,81
8723,13
8724,48
8725,67
8726,29
8727,63
8728,63
8729,63
8730,11
8731,95
8732,46
8733,17
8734,64
8735,69
8736,76
8737,40
8738,10
8739,95
8740,59
8741,45
8742,41
8743,67
8744,63
8745,16
8746,55
8747,75
8748,9
8749,15
8750,89
8751,6
8752,31
8753,97
8754,10
8755,68
8756,40
8757,27
8758,19
8759,24
8760,64
8761,26
8762,76
8763,83
8764,87
8765,84
8766,35
8767,8
8768,30
8769,38
8770,61
8771,29
8772,95
8773,29
8774,83
8775,100
8776,67
8777,11
8778,85
8779,78
8780,8
8781,50
8782,83
8783,43
8784,64
8785,40
8786,57
8787,11
8788,67
8789,20
8790,100
8791,86
8792,49
8793,15
8794,38
8795,66
8796,25
8797,90
8798,59
8799,21
8800,66
8801,8
8802,51
8803,23
8804,67
8805,86
8806,24
8807,28
8808,30
8809,18
8810,79
8811,17
8812,11
8813,100
8814,44
8815,70
8816,30
8817,50
8818,28
8819,27
8820,92
8821,17
8822,93
8823,90
8824,7
8825,7
8826,83
8827,10
8828,85
8829,61
8830,21
8831,28
8832,11
8833,92
8834,98
8835,36
8836,42
8837,33
8838,24
8839,27
8840,50
8841,68
8842,48
8843,35
8844,96
8845,77
8846,70
8847,62
8848,34
8849,69
8850,52
8851,83
8852,46
8853,75
8854,52
8855,41
8856,27
8857,45
8858,65
8859,60
8860,98
8861,44
8862,38
8863,20
8864,83
8865,2
8866,98
8867,57
8868,19
8869,5
8870,82
8871,82
8872,7
8873,77
8874,14
8875,44
8876,72
8877,27
8878,6
8879,75
8880,99
8881,61
8882,15
8883,73
8884,2
8885,92
8886,51
8887,98
8888,92
8889,55
8890,89
8891,97
8892,99
8893,67
8894,96
8895,80
8896,18
8897,59
8898,50
8899,54
8900,74
8901,29
8902,89
8903,43
8904,77
8905,98
8906,98
8907,80
8908,48
8909,18
8910,67
8911,19
8912,44
8913,46
8914,55
8915,28
8916,53
8917,55
8918,32
8919,94
8920,28
8921,77
8922,6
8923,39
8924,38
8925,97
8926,20
8927,61
8928,55
8929,67
8930,76
8931,100
8932,92
8933,87
8934,1
8935,78
8936,41
8937,39
8938,22
8939,78
8940,95
8941,83
8942,11
8943,53
8944,21
8945,60
8946,14
8947,15
8948,77
8949,51
8950,91
8951,49
8952,45
8953,2
8954,64
8955,28
8956,3
8957,88
8958,52
8959,78
8960,17
8961,45
8962,83
8963,40
8964,50
8965,43
8966,44
8967,43
8968,100
8969,13
8970,46
8971,5
8972,100
8973,11
8974,89
8975,75
8976,38
8977,45
8978,11
8979,37
8980,57
8981,86
8982,78
8983,40
8984,1
8985,2
8986,44
8987,64
8988,64
8989,20
8990,31
8991,62
8992,90
8993,88
8994,50
8995,73
8996,6
8997,11
8998,7
8999,35
9000,91
9001,14
9002,45
9003,22
9004,25
9005,31
9006,22
9007,17
9008,32
9009,10
9010,3
9011,52
9012,3
9013,89
9014,67
9015,82
9016,2
9017,37
9018,44
9019,62
9020,39
9021,52
9022,29
9023,99
9024,100
9025,29
9026,55
9027,21
9028,6
9029,24
9030,27
9031,80
9032,95
9033,59
9034,25
9035,51
9036,89
9037,29
9038,83
9039,24
9040,95
9041,35
9042,56
9043,44
9044,17
9045,83
9046,85
9047,7
9048,65
9049,51
9050,12
9051,65
9052,24
9053,39
9054,72
9055,48
9056,52
9057,29
9058,21
9059,61
9060,9
9061,82
9062,45
9063,73
9064,83
9065,85
9066,40
9067,27
9068,42
9069,8
9070,9
9071,39
9072,9
9073,51
9074,76
9075,37
9076,12
9077,88
9078,5
9079,70
9080,60
9081,28
9082,65
9083,9
9084,54
9085,8
9086,53
9087,88
9088,15
9089,84
9090,48
9091,3
9092,14
9093,75
9094,89
9095,43
9096,100
9097,34
9098,33
9099,18
9100,92
9101,8
9102,87
9103,11
9104,35
9105,75
9106,45
9107,6
9108,29
9109,11
9110,14
9111,82
9112,71
9113,27
9114,45
9115,94
9116,99
9117,17
9118,14
9119,30
9120,85
9121,22
9122,5
9123,48
9124,86
9125,54
9126,78
9127,38
9128,10
9129,5
9130,60
9131,91
9132,81
9133,81
9134,90
9135,5
9136,11
9137,14
9138,67
9139,89
9140,44
9141,98
9142,65
9143,48
9144,6
9145,34
9146,96
9147,71
9148,20
9149,94
9150,8
9151,81
9152,55
9153,77
9154,63
9155,21
9156,31
9157,77
9158,86
9159,90
9160,20
9161,53
9162,43
9163,70
9164,46
9165,15
9166,25
9167,63
9168,100
9169,68
9170,45
9171,91
9172,60
9173,90
9174,3
9175,6
9176,53
9177,100
9178,49
9179,58
9180,87
9181,61
9182,51
9183,8
9184,83
9185,12
9186,27
9187,6
9188,45
9189,25
9190,85
9191,75
9192,34
9193,24
9194,47
9195,1
9196,17
9197,21
9198,55
9199,74
9200,67
9201,74
9202,7
9203,37
9204,59
9205,23
9206,44
9207,6
9208,46
9209,61
9210,59
9211,79
9212,1
9213,78
9214,47
9215,34
9216,34
9217,85
9218,21
9219,28
9220,16
9221,29
9222,79
9223,42
9224,80
9225,21
9226,80
9227,15
9228,77
9229,28
9230,13
9231,89
9232,88
9233,8
9234,73
9235,37
9236,12
9237,60
9238,50
9239,83
9240,49
9241,68
9242,100
9243,53
9244,72
9245,82
9246,37
9247,23
9248,10
9249,66
9250,58
9251,39
9252,12
9253,87
9254,52
9255,30
9256,49
9257,58
9258,80
9259,22
9260,30
9261,12
9262,83
9263,7
9264,33
9265,52
9266,49
9267,89
9268,2
9269,53
9270,28
9271,70
9272,80
9273,83
9274,23
9275,96
9276,71
9277,86
9278,13
9279,3
9280,59
9281,52
9282,88
9283,5
9284,76
9285,29
9286,42
9287,88
9288,39
9289,5
9290,28
9291,46
9292,59
9293,92
9294,46
9295,74
9296,98
9297,83
9298,74
9299,83
9300,70
9301,66
9302,57
9303,30
9304,15
9305,78
9306,67
9307,8
9308,71
9309,84
9310,87
9311,85
9312,35
9313,21
9314,38
9315,77
9316,79
9317,67
9318,79
9319,69
9320,14
9321,60
9322,99
9323,82
9324,89
9325,5
9326,69
9327,100
9328,90
9329,76
9330,27
9331,22
9332,35
9333,54
9334,78
9335,86
9336,68
9337,46
9338,83
9339,49
9340,7
9341,8
9342,22
9343,51
9344,42
9345,51
9346,55
9347,59
9348,89
9349,31
9350,38
9351,47
9352,81
9353,27
9354,27
9355,25
9356,26
9357,16
9358,9
9359,71
9360,82
9361,29
9362,75
9363,72
9364,7
9365,61
9366,68
9367,89
9368,89
9369,59
9370,95
9371,87
9372,40
9373,51
9374,29
9375,28
9376,1
9377,65
9378,85
9379,54
9380,98
9381,41
9382,85
9383,80
9384,83
9385,69
9386,45
9387,77
9388,69
9389,66
9390,79
9391,34
9392,50
9393,19
9394,20
9395,27
9396,42
9397,94
9398,8
9399,89
9400,67
9401,15
9402,62
9403,82
9404,46
9405,6
9406,90
9407,6
9408,61
9409,2
9410,82
9411,27
9412,53
9413,28
9414,91
9415,65
9416,48
9417,13
9418,27
9419,50
9420,49
9421,60
9422,46
9423,71
9424,27
9425,97
9426,70
9427,66
9428,54
9429,82
9430,46
9431,53
9432,3
9433,27
9434,59
9435,87
9436,4
9437,73
9438,93
9439,95
9440,27
9441,72
9442,72
9443,29
9444,39
9445,3
9446,36
9447,34
9448,30
9449,19
9450,100
9451,15
9452,24
9453,90
9454,48
9455,46
9456,60
9457,80
9458,53
9459,4
9460,19
9461,5
9462,98
9463,46
9464,88
9465,71
9466,49
9467,64
9468,13
9469,67
9470,94
9471,79
9472,41
9473,53
9474,44
9475,49
9476,55
9477,96
9478,85
9479,74
9480,26
9481,47
9482,82
9483,17
9484,69
9485,59
9486,75
9487,16
9488,80
9489,85
9490,88
9491,82
9492,85
9493,86
9494,57
9495,85
9496,57
9497,41
9498,7
9499,65
9500,11
9501,30
9502,98
9503,50
9504,44
9505,27
9506,20
9507,97
9508,81
9509,97
9510,94
9511,49
9512,40
9513,67
9514,70
9515,38
9516,83
9517,81
9518,29
9519,45
9520,43
9521,79
9522,85
9523,54
9524,51
9525,52
9526,3
9527,82
9528,3
9529,41
9530,89
9531,7
9532,18
9533,53
9534,45
9535,86
9536,82
9537,97
9538,69
9539,40
9540,24
9541,67
9542,17
9543,90
9544,36
9545,84
9546,79
9547,25
9548,20
9549,41
9550,57
9551,68
9552,25
9553,42
9554,88
9555,53
9556,59
9557,38
9558,50
9559,79
9560,38
9561,8
9562,42
9563,100
9564,23
9565,95
9566,21
9567,96
9568,3
9569,41
9570,97
9571,69
9572,26
9573,94
9574,53
9575,91
9576,68
9577,82
9578,64
9579,96
9580,93
9581,90
9582,75
9583,44
9584,66
9585,77
9586,8
9587,67
9588,47
9589,26
9590,41
9591,82
9592,42
9593,29
9594,6
9595,37
9596,33
9597,39
9598,85
9599,75
9600,30
9601,82
9602,12
9603,36
9604,2
9605,30
9606,44
9607,76
9608,46
9609,63
9610,95
9611,6
9612,38
9613,12
9614,80
9615,18
9616,39
9617,94
9618,94
9619,71
9620,65
9621,70
9622,42
9623,74
9624,69
9625,51
9626,44
9627,13
9628,5
9629,65
9630,41
9631,25
9632,89
9633,64
9634,61
9635,12
9636,17
9637,7
9638,73
9639,22
9640,28
9641,67
9642,27
9643,100
9644,88
9645,9
9646,88
9647,46
9648,5
9649,84
9650,58
9651,57
9652,44
9653,92
9654,7
9655,8
9656,54
9657,84
9658,16
9659,38
9660,2
9661,87
9662,78
9663,80
9664,9
9665,72
9666,86
9667,24
9668,23
9669,68
9670,88
9671,80
9672,82
9673,48
9674,75
9675,93
9676,84
9677,42
9678,36
9679,24
9680,31
9681,12
9682,25
9683,1
9684,94
9685,79
9686,33
9687,23
9688,6
9689,34
9690,11
9691,85
9692,67
9693,58
9694,2
9695,62
9696,29
9697,79
9698,18
9699,85
9700,2
9701,71
9702,38
9703,79
9704,23
9705,27
9706,52
9707,71
9708,15
9709,28
9710,36
9711,1
9712,75
9713,48
9714,39
9715,14
9716,42
9717,48
9718,85
9719,5
9720,51
9721,35
9722,63
9723,22
9724,92
9725,65
9726,85
9727,97
9728,60
9729,64
9730,83
9731,7
9732,40
9733,4
9734,16
9735,49
9736,82
9737,20
9738,31
9739,2
9740,92
9741,100
9742,91
9743,82
9744,23
9745,26
9746,16
9747,55
9748,60
9749,50
9750,44
9751,76
9752,53
9753,24
9754,84
9755,39
9756,23
9757,100
9758,9
9759,38
9760,62
9761,71
9762,86
9763,44
9764,47
9765,52
9766,95
9767,17
9768,58
9769,92
9770,99
9771,32
9772,26
9773,25
9774,65
9775,28
9776,74
9777,89
9778,82
9779,31
9780,39
9781,38
9782,83
9783,68
9784,80
9785,28
9786,4
9787,76
9788,34
9789,5
9790,88
9791,47
9792,29
9793,21
9794,64
9795,25
9796,36
9797,90
9798,93
9799,12
9800,19
9801,21
9802,2
9803,36
9804,42
9805,65
9806,20
9807,91
9808,52
9809,57
9810,39
9811,71
9812,8
9813,96
9814,82
9815,99
9816,26
9817,18
9818,25
9819,4
9820,5
9821,12
9822,51
9823,57
9824,20
9825,51
9826,51
9827,60
9828,24
9829,33
9830,45
9831,16
9832,7
9833,44
9834,81
9835,90
9836,53
9837,18
9838,50
9839,68
9840,32
9841,88
9842,49
9843,64
9844,53
9845,3
9846,75
9847,67
9848,7
9849,88
9850,13
9851,1
9852,49
9853,58
9854,69
9855,7
9856,5
9857,95
9858,74
9859,72
9860,85
9861,27
9862,35
9863,91
9864,85
9865,72
9866,38
9867,46
9868,100
9869,45
9870,27
9871,18
9872,25
9873,22
9874,89
9875,35
9876,88
9877,33
9878,69
9879,4
9880,82
9881,70
9882,85
9883,18
9884,43
9885,7
9886,53
9887,95
9888,86
9889,5
9890,87
9891,79
9892,53
9893,10
9894,42
9895,47
9896,91
9897,87
9898,85
9899,8
9900,46
9901,100
9902,74
9903,41
9904,65
9905,93
9906,85
9907,61
9908,62
9909,54
9910,61
9911,83
9912,80
9913,3
9914,77
9915,60
9916,95
9917,62
9918,11
9919,27
9920,94
9921,49
9922,88
9923,20
9924,15
9925,77
9926,67
9927,65
9928,13
9929,24
9930,13
9931,63
9932,93
9933,95
9934,28
9935,4
9936,47
9937,87
9938,27
9939,71
9940,92
9941,24
9942,11
9943,65
9944,29
9945,26
9946,81
9947,45
9948,68
9949,49
9950,48
9951,25
9952,30
9953,69
9954,13
9955,84
9956,96
9957,89
9958,15
9959,54
9960,9
9961,99
9962,18
9963,11
9964,88
9965,45
9966,96
9967,75
9968,89
9969,45
9970,44
9971,27
9972,74
9973,79
9974,18
9975,18
9976,24
9977,56
9978,78
9979,46
9980,46
9981,15
9982,5
9983,13
9984,15
9985,20
9986,54
9987,44
9988,27
9989,1
9990,72
9991,60
9992,22
9993,69
9994,34
9995,44
9996,72
9997,59
9998,25
9999,65
10000,8
